zone_id,acquired_at,deformation_mm,velocity_mm_yr,coherence,insar_valid,granule_id,platform,sensor,beam_mode,polarization,flight_direction,relative_orbit,absolute_orbit,frame_number,center_lat,center_lon,scene_size_mb,download_url,footprint_wkt,quality_flag,processing_status,data_source,is_demo
REAL-NER-001,2015-01-02 23:46:20+00:00,,,,False,S1A_IW_SLC__1SDV_20150102T234620_20150102T234648_003999_004D11_6738,Sentinel-1A,C-SAR,IW,VV+VH,DESCENDING,77,3999,503,26.8082,92.617,4701.700771331787,https://datapool.asf.alaska.edu/SLC/SA/S1A_IW_SLC__1SDV_20150102T234620_20150102T234648_003999_004D11_6738.zip,"POLYGON ((93.681564 25.75556, 94.047462 27.438398, 91.528717 27.848211, 91.201637 26.168299, 93.681564 25.75556))",unprocessed_interferograms_vegetation_decorrelation,UNAVAILABLE,REAL_SENTINEL1_INSAR,False
REAL-NER-001,2015-01-02 23:46:46+00:00,,,,False,S1A_IW_SLC__1SDV_20150102T234646_20150102T234713_003999_004D11_6050,Sentinel-1A,C-SAR,IW,VV+VH,DESCENDING,77,3999,508,25.2845,92.2925,4557.7109298706055,https://datapool.asf.alaska.edu/SLC/SA/S1A_IW_SLC__1SDV_20150102T234646_20150102T234713_003999_004D11_6050.zip,"POLYGON ((93.345421 24.259798, 93.695061 25.886179, 91.218262 26.297493, 90.903137 24.674109, 93.345421 24.259798))",unprocessed_interferograms_vegetation_decorrelation,UNAVAILABLE,REAL_SENTINEL1_INSAR,False
REAL-NER-001,2015-01-12 11:56:13+00:00,,,,False,S1A_IW_SLC__1SSV_20150112T115613_20150112T115641_004138_00503F_7E57,Sentinel-1A,C-SAR,IW,VV,ASCENDING,41,4138,78,25.5332,92.0748,2481.25159740448,https://datapool.asf.alaska.edu/SLC/SA/S1A_IW_SLC__1SSV_20150112T115613_20150112T115641_004138_00503F_7E57.zip,"POLYGON ((90.66169 26.163517, 91.024521 24.479357, 93.473869 24.893858, 93.147324 26.574949, 90.66169 26.163517))",unprocessed_interferograms_vegetation_decorrelation,UNAVAILABLE,REAL_SENTINEL1_INSAR,False
REAL-NER-001,2015-01-26 23:46:19+00:00,,,,False,S1A_IW_SLC__1SDV_20150126T234619_20150126T234647_004349_0054E2_5A9C,Sentinel-1A,C-SAR,IW,VV+VH,DESCENDING,77,4349,503,26.8078,92.6181,4685.574445724487,https://datapool.asf.alaska.edu/SLC/SA/S1A_IW_SLC__1SDV_20150126T234619_20150126T234647_004349_0054E2_5A9C.zip,"POLYGON ((93.682678 25.755198, 94.048592 27.437899, 91.52977 27.84778, 91.202675 26.168007, 93.682678 25.755198))",unprocessed_interferograms_vegetation_decorrelation,UNAVAILABLE,REAL_SENTINEL1_INSAR,False
REAL-NER-001,2015-01-26 23:46:45+00:00,,,,False,S1A_IW_SLC__1SDV_20150126T234645_20150126T234712_004349_0054E2_8796,Sentinel-1A,C-SAR,IW,VV+VH,DESCENDING,77,4349,508,25.2842,92.2936,4548.144697189331,https://datapool.asf.alaska.edu/SLC/SA/S1A_IW_SLC__1SDV_20150126T234645_20150126T234712_004349_0054E2_8796.zip,"POLYGON ((93.346565 24.259567, 93.696198 25.885685, 91.219299 26.297071, 90.904182 24.673946, 93.346565 24.259567))",unprocessed_interferograms_vegetation_decorrelation,UNAVAILABLE,REAL_SENTINEL1_INSAR,False
REAL-NER-001,2015-02-05 11:56:12+00:00,,,,False,S1A_IW_SLC__1SSV_20150205T115612_20150205T115640_004488_005811_BEC0,Sentinel-1A,C-SAR,IW,VV,ASCENDING,41,4488,78,25.5326,92.0763,2483.4187622070312,https://datapool.asf.alaska.edu/SLC/SA/S1A_IW_SLC__1SSV_20150205T115612_20150205T115640_004488_005811_BEC0.zip,"POLYGON ((90.663116 26.16288, 91.025833 24.478975, 93.475418 24.893456, 93.148979 26.574291, 90.663116 26.16288))",unprocessed_interferograms_vegetation_decorrelation,UNAVAILABLE,REAL_SENTINEL1_INSAR,False
REAL-NER-001,2015-03-03 23:46:19+00:00,,,,False,S1A_IW_SLC__1SDV_20150303T234619_20150303T234647_004874_006130_15E1,Sentinel-1A,C-SAR,IW,VV+VH,DESCENDING,77,4874,503,26.8077,92.6171,4668.16557598114,https://datapool.asf.alaska.edu/SLC/SA/S1A_IW_SLC__1SDV_20150303T234619_20150303T234647_004874_006130_15E1.zip,"POLYGON ((93.681557 25.755102, 94.047455 27.437954, 91.528931 27.847731, 91.201851 26.167805, 93.681557 25.755102))",unprocessed_interferograms_vegetation_decorrelation,UNAVAILABLE,REAL_SENTINEL1_INSAR,False
REAL-NER-001,2015-03-03 23:46:45+00:00,,,,False,S1A_IW_SLC__1SDV_20150303T234645_20150303T234712_004874_006130_EF9D,Sentinel-1A,C-SAR,IW,VV+VH,DESCENDING,77,4874,508,25.2839,92.2927,4562.800132751465,https://datapool.asf.alaska.edu/SLC/SA/S1A_IW_SLC__1SDV_20150303T234645_20150303T234712_004874_006130_EF9D.zip,"POLYGON ((93.345428 24.259197, 93.695068 25.885592, 91.218468 26.296873, 90.903343 24.673473, 93.345428 24.259197))",unprocessed_interferograms_vegetation_decorrelation,UNAVAILABLE,REAL_SENTINEL1_INSAR,False
REAL-NER-001,2015-03-13 11:56:13+00:00,,,,False,S1A_IW_SLC__1SSV_20150313T115613_20150313T115641_005013_00648C_9732,Sentinel-1A,C-SAR,IW,VV,ASCENDING,41,5013,78,25.5319,92.075,2479.5768241882324,https://datapool.asf.alaska.edu/SLC/SA/S1A_IW_SLC__1SSV_20150313T115613_20150313T115641_005013_00648C_9732.zip,"POLYGON ((90.661842 26.162138, 91.024635 24.478111, 93.474144 24.89266, 93.147621 26.573616, 90.661842 26.162138))",unprocessed_interferograms_vegetation_decorrelation,UNAVAILABLE,REAL_SENTINEL1_INSAR,False
REAL-NER-001,2015-03-27 23:46:20+00:00,,,,False,S1A_IW_SLC__1SDV_20150327T234620_20150327T234647_005224_00698F_1A8D,Sentinel-1A,C-SAR,IW,VV+VH,DESCENDING,77,5224,503,26.8079,92.6183,4748.813543319702,https://datapool.asf.alaska.edu/SLC/SA/S1A_IW_SLC__1SDV_20150327T234620_20150327T234647_005224_00698F_1A8D.zip,"POLYGON ((93.682861 25.755503, 94.048721 27.437979, 91.530174 27.847809, 91.203125 26.168262, 93.682861 25.755503))",unprocessed_interferograms_vegetation_decorrelation,UNAVAILABLE,REAL_SENTINEL1_INSAR,False
REAL-NER-001,2015-03-27 23:46:45+00:00,,,,False,S1A_IW_SLC__1SDV_20150327T234645_20150327T234712_005224_00698F_1DCE,Sentinel-1A,C-SAR,IW,VV+VH,DESCENDING,77,5224,508,25.2843,92.2939,4601.907403945923,https://datapool.asf.alaska.edu/SLC/SA/S1A_IW_SLC__1SDV_20150327T234645_20150327T234712_005224_00698F_1DCE.zip,"POLYGON ((93.346703 24.259604, 93.696358 25.885868, 91.219727 26.297205, 90.904587 24.673935, 93.346703 24.259604))",unprocessed_interferograms_vegetation_decorrelation,UNAVAILABLE,REAL_SENTINEL1_INSAR,False
REAL-NER-001,2015-04-06 11:56:13+00:00,,,,False,S1A_IW_SLC__1SSV_20150406T115613_20150406T115641_005363_006CE0_4FB4,Sentinel-1A,C-SAR,IW,VV,ASCENDING,41,5363,78,25.5317,92.0762,2511.0939798355103,https://datapool.asf.alaska.edu/SLC/SA/S1A_IW_SLC__1SSV_20150406T115613_20150406T115641_005363_006CE0_4FB4.zip,"POLYGON ((90.662979 26.162102, 91.025764 24.477821, 93.475296 24.892305, 93.148788 26.573515, 90.662979 26.162102))",unprocessed_interferograms_vegetation_decorrelation,UNAVAILABLE,REAL_SENTINEL1_INSAR,False
REAL-NER-001,2015-04-06 11:56:38+00:00,,,,False,S1A_IW_SLC__1SSV_20150406T115638_20150406T115706_005363_006CE0_8ECE,Sentinel-1A,C-SAR,IW,VV,ASCENDING,41,5363,83,27.029,91.7705,2511.2543115615845,https://datapool.asf.alaska.edu/SLC/SA/S1A_IW_SLC__1SSV_20150406T115638_20150406T115706_005363_006CE0_8ECE.zip,"POLYGON ((90.339249 27.660242, 90.705788 25.976454, 93.186363 26.387983, 92.859055 28.068861, 90.339249 27.660242))",unprocessed_interferograms_vegetation_decorrelation,UNAVAILABLE,REAL_SENTINEL1_INSAR,False
REAL-NER-001,2015-04-20 23:46:20+00:00,,,,False,S1A_IW_SLC__1SDV_20150420T234620_20150420T234647_005574_00721F_026B,Sentinel-1A,C-SAR,IW,VV+VH,DESCENDING,77,5574,503,26.8329,92.6234,4637.774242401123,https://datapool.asf.alaska.edu/SLC/SA/S1A_IW_SLC__1SDV_20150420T234620_20150420T234647_005574_00721F_026B.zip,"POLYGON ((93.693497 25.805197, 94.048653 27.438305, 91.530113 27.848099, 91.212669 26.217829, 93.693497 25.805197))",unprocessed_interferograms_vegetation_decorrelation,UNAVAILABLE,REAL_SENTINEL1_INSAR,False
REAL-NER-001,2015-04-20 23:46:45+00:00,,,,False,S1A_IW_SLC__1SDV_20150420T234645_20150420T234713_005574_00721F_BCA7,Sentinel-1A,C-SAR,IW,VV+VH,DESCENDING,77,5574,508,25.3126,92.2996,4859.874155044556,https://datapool.asf.alaska.edu/SLC/SA/S1A_IW_SLC__1SDV_20150420T234645_20150420T234713_005574_00721F_BCA7.zip,"POLYGON ((93.346634 24.259285, 93.708649 25.942863, 91.230736 26.354069, 90.904503 24.673588, 93.346634 24.259285))",unprocessed_interferograms_vegetation_decorrelation,UNAVAILABLE,REAL_SENTINEL1_INSAR,False
REAL-NER-001,2015-04-30 11:56:15+00:00,,,,False,S1A_IW_SLC__1SSV_20150430T115615_20150430T115642_005713_007555_E258,Sentinel-1A,C-SAR,IW,VV,ASCENDING,41,5713,78,25.5037,92.0811,2440.5102014541626,https://datapool.asf.alaska.edu/SLC/SA/S1A_IW_SLC__1SSV_20150430T115615_20150430T115642_005713_007555_E258.zip,"POLYGON ((90.67485 26.104931, 91.024986 24.479061, 93.474144 24.893482, 93.158966 26.516382, 90.67485 26.104931))",unprocessed_interferograms_vegetation_decorrelation,UNAVAILABLE,REAL_SENTINEL1_INSAR,False
REAL-NER-001,2015-04-30 11:56:40+00:00,,,,False,S1A_IW_SLC__1SSV_20150430T115640_20150430T115708_005713_007555_91C0,Sentinel-1A,C-SAR,IW,VV,ASCENDING,41,5713,83,27.0298,91.7691,2508.638970375061,https://datapool.asf.alaska.edu/SLC/SA/S1A_IW_SLC__1SSV_20150430T115640_20150430T115708_005713_007555_91C0.zip,"POLYGON ((90.337959 27.661066, 90.704514 25.97727, 93.184944 26.388784, 92.85762 28.06967, 90.337959 27.661066))",unprocessed_interferograms_vegetation_decorrelation,UNAVAILABLE,REAL_SENTINEL1_INSAR,False
REAL-NER-001,2015-05-14 23:46:22+00:00,,,,False,S1A_IW_SLC__1SDV_20150514T234622_20150514T234649_005924_007A1B_ACE0,Sentinel-1A,C-SAR,IW,VV+VH,DESCENDING,77,5924,503,26.8317,92.6243,4682.185764312744,https://datapool.asf.alaska.edu/SLC/SA/S1A_IW_SLC__1SDV_20150514T234622_20150514T234649_005924_007A1B_ACE0.zip,"POLYGON ((93.694511 25.804005, 94.049644 27.436972, 91.53083 27.846848, 91.213402 26.216721, 93.694511 25.804005))",unprocessed_interferograms_vegetation_decorrelation,UNAVAILABLE,REAL_SENTINEL1_INSAR,False
REAL-NER-001,2015-05-14 23:46:46+00:00,,,,False,S1A_IW_SLC__1SDV_20150514T234646_20150514T234714_005924_007A1B_345E,Sentinel-1A,C-SAR,IW,VV+VH,DESCENDING,77,5924,508,25.3117,92.3005,4817.221419334412,https://datapool.asf.alaska.edu/SLC/SA/S1A_IW_SLC__1SDV_20150514T234646_20150514T234714_005924_007A1B_345E.zip,"POLYGON ((93.347717 24.258488, 93.709686 25.941797, 91.231491 26.353083, 90.905296 24.672874, 93.347717 24.258488))",unprocessed_interferograms_vegetation_decorrelation,UNAVAILABLE,REAL_SENTINEL1_INSAR,False
REAL-NER-001,2015-05-24 11:56:16+00:00,,,,False,S1A_IW_SLC__1SSV_20150524T115616_20150524T115643_006063_007D76_EA14,Sentinel-1A,C-SAR,IW,VV,ASCENDING,41,6063,78,25.5024,92.0815,2441.519344329834,https://datapool.asf.alaska.edu/SLC/SA/S1A_IW_SLC__1SSV_20150524T115616_20150524T115643_006063_007D76_EA14.zip,"POLYGON ((90.675209 26.103479, 91.02533 24.477863, 93.474419 24.892324, 93.159256 26.514973, 90.675209 26.103479))",unprocessed_interferograms_vegetation_decorrelation,UNAVAILABLE,REAL_SENTINEL1_INSAR,False
REAL-NER-001,2015-05-24 11:56:41+00:00,,,,False,S1A_IW_SLC__1SSV_20150524T115641_20150524T115709_006063_007D76_5A49,Sentinel-1A,C-SAR,IW,VV,ASCENDING,41,6063,83,27.0281,91.7693,2521.6432638168335,https://datapool.asf.alaska.edu/SLC/SA/S1A_IW_SLC__1SSV_20150524T115641_20150524T115709_006063_007D76_5A49.zip,"POLYGON ((90.338135 27.659199, 90.704674 25.975657, 93.185127 26.387232, 92.857811 28.067865, 90.338135 27.659199))",unprocessed_interferograms_vegetation_decorrelation,UNAVAILABLE,REAL_SENTINEL1_INSAR,False
REAL-NER-001,2015-06-07 23:46:24+00:00,,,,False,S1A_IW_SLC__1SDV_20150607T234624_20150607T234651_006274_008390_A5ED,Sentinel-1A,C-SAR,IW,VV+VH,DESCENDING,77,6274,503,26.8324,92.6225,4656.769836425781,https://datapool.asf.alaska.edu/SLC/SA/S1A_IW_SLC__1SDV_20150607T234624_20150607T234651_006274_008390_A5ED.zip,"POLYGON ((93.692566 25.80444, 94.047821 27.437908, 91.529144 27.847757, 91.211609 26.217129, 93.692566 25.80444))",unprocessed_interferograms_vegetation_decorrelation,UNAVAILABLE,REAL_SENTINEL1_INSAR,False
REAL-NER-001,2015-06-07 23:46:48+00:00,,,,False,S1A_IW_SLC__1SDV_20150607T234648_20150607T234716_006274_008390_8585,Sentinel-1A,C-SAR,IW,VV+VH,DESCENDING,77,6274,508,25.312,92.2986,4767.982753753662,https://datapool.asf.alaska.edu/SLC/SA/S1A_IW_SLC__1SDV_20150607T234648_20150607T234716_006274_008390_8585.zip,"POLYGON ((93.34568 24.258543, 93.707741 25.942232, 91.229698 26.353491, 90.903419 24.672901, 93.34568 24.258543))",unprocessed_interferograms_vegetation_decorrelation,UNAVAILABLE,REAL_SENTINEL1_INSAR,False
REAL-NER-001,2015-06-17 11:56:37+00:00,,,,False,S1A_IW_SLC__1SSV_20150617T115637_20150617T115705_006413_00877D_B044,Sentinel-1A,C-SAR,IW,VV,ASCENDING,41,6413,82,26.696,91.8282,2532.2218532562256,https://datapool.asf.alaska.edu/SLC/SA/S1A_IW_SLC__1SSV_20150617T115637_20150617T115705_006413_00877D_B044.zip,"POLYGON ((90.397263 27.32629, 90.763092 25.642601, 93.243988 26.056177, 92.916832 27.736925, 90.397263 27.32629))",unprocessed_interferograms_vegetation_decorrelation,UNAVAILABLE,REAL_SENTINEL1_INSAR,False
REAL-NER-001,2015-07-01 23:46:46+00:00,,,,False,S1A_IW_SLC__1SDV_20150701T234646_20150701T234713_006624_008D62_AA5B,Sentinel-1A,C-SAR,IW,VV+VH,DESCENDING,77,6624,507,25.5023,92.3392,4639.097589492798,https://datapool.asf.alaska.edu/SLC/SA/S1A_IW_SLC__1SDV_20150701T234646_20150701T234713_006624_008D62_AA5B.zip,"POLYGON ((93.392952 24.474207, 93.744629 26.107599, 91.26368 26.518417, 90.947067 24.888006, 93.392952 24.474207))",unprocessed_interferograms_vegetation_decorrelation,UNAVAILABLE,REAL_SENTINEL1_INSAR,False
REAL-NER-001,2015-07-11 11:56:37+00:00,,,,False,S1A_IW_SLC__1SSV_20150711T115637_20150711T115705_006763_009133_0F95,Sentinel-1A,C-SAR,IW,VV,ASCENDING,41,6763,82,26.6956,91.8278,2535.235224723816,https://datapool.asf.alaska.edu/SLC/SA/S1A_IW_SLC__1SSV_20150711T115637_20150711T115705_006763_009133_0F95.zip,"POLYGON ((90.396896 27.325821, 90.762756 25.642136, 93.243683 26.055779, 92.916489 27.736523, 90.396896 27.325821))",unprocessed_interferograms_vegetation_decorrelation,UNAVAILABLE,REAL_SENTINEL1_INSAR,False
REAL-NER-001,2015-08-18 23:46:49+00:00,,,,False,S1A_IW_SLC__1SDV_20150818T234649_20150818T234716_007324_00A0E5_D0DA,Sentinel-1A,C-SAR,IW,VV+VH,DESCENDING,77,7324,507,25.504,92.3409,4659.318826675415,https://datapool.asf.alaska.edu/SLC/SA/S1A_IW_SLC__1SDV_20150818T234649_20150818T234716_007324_00A0E5_D0DA.zip,"POLYGON ((93.394722 24.476055, 93.746376 26.109209, 91.26548 26.520054, 90.948883 24.889881, 93.394722 24.476055))",unprocessed_interferograms_vegetation_decorrelation,UNAVAILABLE,REAL_SENTINEL1_INSAR,False
REAL-NER-001,2015-08-28 11:56:40+00:00,,,,False,S1A_IW_SLC__1SSV_20150828T115640_20150828T115708_007463_00A49C_751C,Sentinel-1A,C-SAR,IW,VV,ASCENDING,41,7463,82,26.6947,91.828,2533.2412090301514,https://datapool.asf.alaska.edu/SLC/SA/S1A_IW_SLC__1SSV_20150828T115640_20150828T115708_007463_00A49C_751C.zip,"POLYGON ((90.397079 27.325106, 90.762947 25.641159, 93.243744 26.054726, 92.91655 27.735729, 90.397079 27.325106))",unprocessed_interferograms_vegetation_decorrelation,UNAVAILABLE,REAL_SENTINEL1_INSAR,False
REAL-NER-001,2015-09-21 11:56:41+00:00,,,,False,S1A_IW_SLC__1SSV_20150921T115641_20150921T115709_007813_00AE02_8791,Sentinel-1A,C-SAR,IW,VV,ASCENDING,41,7813,82,26.6955,91.8272,2540.162781715393,https://datapool.asf.alaska.edu/SLC/SA/S1A_IW_SLC__1SSV_20150921T115641_20150921T115709_007813_00AE02_8791.zip,"POLYGON ((90.396332 27.325752, 90.76223 25.641932, 93.242996 26.055557, 92.915771 27.736435, 90.396332 27.325752))",unprocessed_interferograms_vegetation_decorrelation,UNAVAILABLE,REAL_SENTINEL1_INSAR,False
REAL-NER-001,2015-10-29 23:46:50+00:00,,,,False,S1A_IW_SLC__1SDV_20151029T234650_20151029T234717_008374_00BD32_9394,Sentinel-1A,C-SAR,IW,VV+VH,DESCENDING,77,8374,507,25.504,92.3415,4620.483737945557,https://datapool.asf.alaska.edu/SLC/SA/S1A_IW_SLC__1SDV_20151029T234650_20151029T234717_008374_00BD32_9394.zip,"POLYGON ((93.3955 24.476015, 93.747169 26.109266, 91.265877 26.520151, 90.949272 24.889881, 93.3955 24.476015))",unprocessed_interferograms_vegetation_decorrelation,UNAVAILABLE,REAL_SENTINEL1_INSAR,False
REAL-NER-001,2015-11-22 23:46:44+00:00,,,,False,S1A_IW_SLC__1SDV_20151122T234644_20151122T234711_008724_00C6C1_0078,Sentinel-1A,C-SAR,IW,VV+VH,DESCENDING,77,8724,506,25.835,92.4149,4636.986660003662,https://datapool.asf.alaska.edu/SLC/SA/S1A_IW_SLC__1SDV_20151122T234644_20151122T234711_008724_00C6C1_0078.zip,"POLYGON ((93.473373 24.807125, 93.825851 26.439869, 91.334267 26.85075, 91.017509 25.220947, 93.473373 24.807125))",unprocessed_interferograms_vegetation_decorrelation,UNAVAILABLE,REAL_SENTINEL1_INSAR,False
REAL-NER-001,2015-12-02 11:56:35+00:00,,,,False,S1A_IW_SLC__1SSV_20151202T115635_20151202T115703_008863_00CAA1_FA32,Sentinel-1A,C-SAR,IW,VV,ASCENDING,41,8863,81,26.3634,91.8947,2483.7225494384766,https://datapool.asf.alaska.edu/SLC/SA/S1A_IW_SLC__1SSV_20151202T115635_20151202T115703_008863_00CAA1_FA32.zip,"POLYGON ((90.468704 26.993504, 90.833702 25.309931, 93.305878 25.723938, 92.978867 27.404539, 90.468704 26.993504))",unprocessed_interferograms_vegetation_decorrelation,UNAVAILABLE,REAL_SENTINEL1_INSAR,False
REAL-NER-001,2015-12-16 23:46:43+00:00,,,,False,S1A_IW_SLC__1SDV_20151216T234643_20151216T234711_009074_00D087_02AA,Sentinel-1A,C-SAR,IW,VV+VH,DESCENDING,77,9074,506,25.81,92.4112,4716.917024612427,https://datapool.asf.alaska.edu/SLC/SA/S1A_IW_SLC__1SDV_20151216T234643_20151216T234711_009074_00D087_02AA.zip,"POLYGON ((93.464287 24.756927, 93.827606 26.439911, 91.335594 26.850908, 91.009064 25.170956, 93.464287 24.756927))",unprocessed_interferograms_vegetation_decorrelation,UNAVAILABLE,REAL_SENTINEL1_INSAR,False
REAL-NER-001,2015-12-26 11:56:35+00:00,,,,False,S1A_IW_SLC__1SSV_20151226T115635_20151226T115702_009213_00D473_EC9A,Sentinel-1A,C-SAR,IW,VV,ASCENDING,41,9213,81,26.3915,91.8891,2386.2990865707397,https://datapool.asf.alaska.edu/SLC/SA/S1A_IW_SLC__1SSV_20151226T115635_20151226T115702_009213_00D473_EC9A.zip,"POLYGON ((90.469055 26.992874, 90.821602 25.366867, 93.295197 25.780746, 92.979401 27.403887, 90.469055 26.992874))",unprocessed_interferograms_vegetation_decorrelation,UNAVAILABLE,REAL_SENTINEL1_INSAR,False
REAL-NER-001,2016-01-09 23:46:43+00:00,,,,False,S1A_IW_SLC__1SDV_20160109T234643_20160109T234710_009424_00DA7C_4C0A,Sentinel-1A,C-SAR,IW,VV+VH,DESCENDING,77,9424,506,25.8107,92.4098,4721.619793891907,https://datapool.asf.alaska.edu/SLC/SA/S1A_IW_SLC__1SDV_20160109T234643_20160109T234710_009424_00DA7C_4C0A.zip,"POLYGON ((93.462914 24.757658, 93.82621 26.440781, 91.334274 26.851692, 91.007767 25.171604, 93.462914 24.757658))",unprocessed_interferograms_vegetation_decorrelation,UNAVAILABLE,REAL_SENTINEL1_INSAR,False
REAL-NER-001,2016-01-19 11:56:34+00:00,,,,False,S1A_IW_SLC__1SSV_20160119T115634_20160119T115701_009563_00DE78_9A6D,Sentinel-1A,C-SAR,IW,VV,ASCENDING,41,9563,81,26.3911,91.8889,2385.006790161133,https://datapool.asf.alaska.edu/SLC/SA/S1A_IW_SLC__1SSV_20160119T115634_20160119T115701_009563_00DE78_9A6D.zip,"POLYGON ((90.468842 26.992428, 90.821449 25.366304, 93.295036 25.780245, 92.979172 27.4035, 90.468842 26.992428))",unprocessed_interferograms_vegetation_decorrelation,UNAVAILABLE,REAL_SENTINEL1_INSAR,False
REAL-NER-001,2016-02-02 23:46:42+00:00,,,,False,S1A_IW_SLC__1SDV_20160202T234642_20160202T234710_009774_00E4AD_137F,Sentinel-1A,C-SAR,IW,VV+VH,DESCENDING,77,9774,506,25.8109,92.4106,4694.068845748901,https://datapool.asf.alaska.edu/SLC/SA/S1A_IW_SLC__1SDV_20160202T234642_20160202T234710_009774_00E4AD_137F.zip,"POLYGON ((93.463753 24.758062, 93.826973 26.440685, 91.335045 26.851648, 91.008598 25.172058, 93.463753 24.758062))",unprocessed_interferograms_vegetation_decorrelation,UNAVAILABLE,REAL_SENTINEL1_INSAR,False
REAL-NER-001,2016-02-12 11:56:33+00:00,,,,False,S1A_IW_SLC__1SSV_20160212T115633_20160212T115700_009913_00E8B3_CD20,Sentinel-1A,C-SAR,IW,VV,ASCENDING,41,9913,81,26.3913,91.8893,2380.3819427490234,https://datapool.asf.alaska.edu/SLC/SA/S1A_IW_SLC__1SSV_20160212T115633_20160212T115700_009913_00E8B3_CD20.zip,"POLYGON ((90.469208 26.992912, 90.821915 25.36628, 93.295425 25.780195, 92.979477 27.403957, 90.469208 26.992912))",unprocessed_interferograms_vegetation_decorrelation,UNAVAILABLE,REAL_SENTINEL1_INSAR,False
REAL-NER-001,2016-03-07 11:56:34+00:00,,,,False,S1A_IW_SLC__1SSV_20160307T115634_20160307T115701_010263_00F2BF_C342,Sentinel-1A,C-SAR,IW,VV,ASCENDING,41,10263,81,26.3917,91.8891,2376.0022296905518,https://datapool.asf.alaska.edu/SLC/SA/S1A_IW_SLC__1SSV_20160307T115634_20160307T115701_010263_00F2BF_C342.zip,"POLYGON ((90.46907 26.993109, 90.821625 25.366962, 93.295082 25.78083, 92.979271 27.404104, 90.46907 26.993109))",unprocessed_interferograms_vegetation_decorrelation,UNAVAILABLE,REAL_SENTINEL1_INSAR,False
REAL-NER-001,2016-03-21 23:46:42+00:00,,,,False,S1A_IW_SLC__1SDV_20160321T234642_20160321T234710_010474_00F8C5_5EAE,Sentinel-1A,C-SAR,IW,VV+VH,DESCENDING,77,10474,506,25.8112,92.4093,4715.529980659485,https://datapool.asf.alaska.edu/SLC/SA/S1A_IW_SLC__1SDV_20160321T234642_20160321T234710_010474_00F8C5_5EAE.zip,"POLYGON ((93.462219 24.758305, 93.825439 26.441204, 91.333824 26.852064, 91.007378 25.172201, 93.462219 24.758305))",unprocessed_interferograms_vegetation_decorrelation,UNAVAILABLE,REAL_SENTINEL1_INSAR,False
REAL-NER-001,2016-03-31 11:56:34+00:00,,,,False,S1A_IW_SLC__1SSV_20160331T115634_20160331T115701_010613_00FCB9_FCBC,Sentinel-1A,C-SAR,IW,VV,ASCENDING,41,10613,81,26.3905,91.8889,2395.4129886627197,https://datapool.asf.alaska.edu/SLC/SA/S1A_IW_SLC__1SSV_20160331T115634_20160331T115701_010613_00FCB9_FCBC.zip,"POLYGON ((90.468933 26.991844, 90.82151 25.365698, 93.294907 25.779612, 92.97905 27.402889, 90.468933 26.991844))",unprocessed_interferograms_vegetation_decorrelation,UNAVAILABLE,REAL_SENTINEL1_INSAR,False
REAL-NER-001,2016-04-14 23:46:43+00:00,,,,False,S1A_IW_SLC__1SDV_20160414T234643_20160414T234711_010824_010310_E799,Sentinel-1A,C-SAR,IW,VV+VH,DESCENDING,77,10824,506,25.8109,92.4103,4786.839341163635,https://datapool.asf.alaska.edu/SLC/SA/S1A_IW_SLC__1SDV_20160414T234643_20160414T234711_010824_010310_E799.zip,"POLYGON ((93.463371 24.758146, 93.826546 26.440662, 91.334808 26.85161, 91.008392 25.172131, 93.463371 24.758146))",unprocessed_interferograms_vegetation_decorrelation,UNAVAILABLE,REAL_SENTINEL1_INSAR,False
REAL-NER-001,2016-04-24 11:56:35+00:00,,,,False,S1A_IW_SLC__1SSV_20160424T115635_20160424T115702_010963_01074B_057F,Sentinel-1A,C-SAR,IW,VV,ASCENDING,41,10963,81,26.3911,91.8898,2397.9270124435425,https://datapool.asf.alaska.edu/SLC/SA/S1A_IW_SLC__1SSV_20160424T115635_20160424T115702_010963_01074B_057F.zip,"POLYGON ((90.46991 26.992376, 90.822395 25.366463, 93.295677 25.780294, 92.979919 27.403337, 90.46991 26.992376))",unprocessed_interferograms_vegetation_decorrelation,UNAVAILABLE,REAL_SENTINEL1_INSAR,False
REAL-NER-001,2016-05-08 23:46:44+00:00,,,,False,S1A_IW_SLC__1SDV_20160508T234644_20160508T234712_011174_010DFC_A15E,Sentinel-1A,C-SAR,IW,VV+VH,DESCENDING,77,11174,506,25.8105,92.4097,4770.411485671997,https://datapool.asf.alaska.edu/SLC/SA/S1A_IW_SLC__1SDV_20160508T234644_20160508T234712_011174_010DFC_A15E.zip,"POLYGON ((93.462708 24.757393, 93.825981 26.440533, 91.334213 26.851446, 91.007713 25.171345, 93.462708 24.757393))",unprocessed_interferograms_vegetation_decorrelation,UNAVAILABLE,REAL_SENTINEL1_INSAR,False
REAL-NER-001,2016-05-18 11:56:39+00:00,,,,False,S1A_IW_SLC__1SSV_20160518T115639_20160518T115706_011313_011273_054B,Sentinel-1A,C-SAR,IW,VV,ASCENDING,41,11313,82,26.5567,91.8569,2413.071855545044,https://datapool.asf.alaska.edu/SLC/SA/S1A_IW_SLC__1SSV_20160518T115639_20160518T115706_011313_011273_054B.zip,"POLYGON ((90.434074 27.158091, 90.787056 25.531878, 93.265503 25.945667, 92.9496 27.569023, 90.434074 27.158091))",unprocessed_interferograms_vegetation_decorrelation,UNAVAILABLE,REAL_SENTINEL1_INSAR,False
REAL-NER-001,2016-06-01 23:46:45+00:00,,,,False,S1A_IW_SLC__1SDV_20160601T234645_20160601T234713_011524_01195C_5B95,Sentinel-1A,C-SAR,IW,VV+VH,DESCENDING,77,11524,506,25.8113,92.4095,4812.204656600952,https://datapool.asf.alaska.edu/SLC/SA/S1A_IW_SLC__1SDV_20160601T234645_20160601T234713_011524_01195C_5B95.zip,"POLYGON ((93.46244 24.75828, 93.825699 26.441431, 91.334129 26.852278, 91.007637 25.172163, 93.46244 24.75828))",unprocessed_interferograms_vegetation_decorrelation,UNAVAILABLE,REAL_SENTINEL1_INSAR,False
REAL-NER-001,2016-06-11 11:56:41+00:00,,,,False,S1A_IW_SLC__1SSV_20160611T115641_20160611T115708_011663_011DA3_B951,Sentinel-1A,C-SAR,IW,VV,ASCENDING,41,11663,82,26.558,91.8555,2417.6333684921265,https://datapool.asf.alaska.edu/SLC/SA/S1A_IW_SLC__1SSV_20160611T115641_20160611T115708_011663_011DA3_B951.zip,"POLYGON ((90.432693 27.159286, 90.785652 25.533325, 93.264183 25.947161, 92.948303 27.570265, 90.432693 27.159286))",unprocessed_interferograms_vegetation_decorrelation,UNAVAILABLE,REAL_SENTINEL1_INSAR,False
REAL-NER-001,2016-07-05 11:56:42+00:00,,,,False,S1A_IW_SLC__1SSV_20160705T115642_20160705T115709_012013_0128C2_0DCB,Sentinel-1A,C-SAR,IW,VV,ASCENDING,41,12013,82,26.5584,91.856,2413.9182081222534,https://datapool.asf.alaska.edu/SLC/SA/S1A_IW_SLC__1SSV_20160705T115642_20160705T115709_012013_0128C2_0DCB.zip,"POLYGON ((90.433258 27.159807, 90.786224 25.533588, 93.264694 25.947351, 92.948807 27.570713, 90.433258 27.159807))",unprocessed_interferograms_vegetation_decorrelation,UNAVAILABLE,REAL_SENTINEL1_INSAR,False
REAL-NER-001,2016-07-19 23:46:48+00:00,,,,False,S1A_IW_SLC__1SDV_20160719T234648_20160719T234716_012224_012FB2_B0A0,Sentinel-1A,C-SAR,IW,VV+VH,DESCENDING,77,12224,506,25.8101,92.4101,4783.649091720581,https://datapool.asf.alaska.edu/SLC/SA/S1A_IW_SLC__1SDV_20160719T234648_20160719T234716_012224_012FB2_B0A0.zip,"POLYGON ((93.463165 24.757242, 93.82634 26.440012, 91.334633 26.850893, 91.008224 25.171162, 93.463165 24.757242))",unprocessed_interferograms_vegetation_decorrelation,UNAVAILABLE,REAL_SENTINEL1_INSAR,False
REAL-NER-001,2016-07-29 11:56:42+00:00,,,,False,S1A_IW_SLC__1SSV_20160729T115642_20160729T115710_012363_013437_C105,Sentinel-1A,C-SAR,IW,VV,ASCENDING,41,12363,82,26.5301,91.8617,2494.980626106262,https://datapool.asf.alaska.edu/SLC/SA/S1A_IW_SLC__1SSV_20160729T115642_20160729T115710_012363_013437_C105.zip,"POLYGON ((90.432907 27.160076, 90.798256 25.476683, 93.275566 25.890617, 92.94854 27.571051, 90.432907 27.160076))",unprocessed_interferograms_vegetation_decorrelation,UNAVAILABLE,REAL_SENTINEL1_INSAR,False
REAL-NER-001,2016-08-12 23:46:49+00:00,,,,False,S1A_IW_SLC__1SDV_20160812T234649_20160812T234717_012574_013B43_45A4,Sentinel-1A,C-SAR,IW,VV+VH,DESCENDING,77,12574,506,25.8101,92.4104,4787.447124481201,https://datapool.asf.alaska.edu/SLC/SA/S1A_IW_SLC__1SDV_20160812T234649_20160812T234717_012574_013B43_45A4.zip,"POLYGON ((93.463493 24.757284, 93.826675 26.439922, 91.334885 26.850868, 91.008453 25.171267, 93.463493 24.757284))",unprocessed_interferograms_vegetation_decorrelation,UNAVAILABLE,REAL_SENTINEL1_INSAR,False
REAL-NER-001,2016-08-22 11:56:45+00:00,,,,False,S1A_IW_SLC__1SSV_20160822T115645_20160822T115712_012713_013FDD_9AB3,Sentinel-1A,C-SAR,IW,VV,ASCENDING,41,12713,82,26.5586,91.8557,2412.5341291427612,https://datapool.asf.alaska.edu/SLC/SA/S1A_IW_SLC__1SSV_20160822T115645_20160822T115712_012713_013FDD_9AB3.zip,"POLYGON ((90.432922 27.160023, 90.785927 25.533804, 93.264336 25.947598, 92.94841 27.570961, 90.432922 27.160023))",unprocessed_interferograms_vegetation_decorrelation,UNAVAILABLE,REAL_SENTINEL1_INSAR,False
REAL-NER-001,2016-09-05 23:46:50+00:00,,,,False,S1A_IW_SLC__1SDV_20160905T234650_20160905T234718_012924_0146F3_D976,Sentinel-1A,C-SAR,IW,VV+VH,DESCENDING,77,12924,506,25.8095,92.4103,4802.384656906128,https://datapool.asf.alaska.edu/SLC/SA/S1A_IW_SLC__1SDV_20160905T234650_20160905T234718_012924_0146F3_D976.zip,"POLYGON ((93.463417 24.756784, 93.826538 26.439177, 91.334785 26.850096, 91.008423 25.170738, 93.463417 24.756784))",unprocessed_interferograms_vegetation_decorrelation,UNAVAILABLE,REAL_SENTINEL1_INSAR,False
REAL-NER-001,2016-09-15 11:56:45+00:00,,,,False,S1A_IW_SLC__1SSV_20160915T115645_20160915T115712_013063_014B5A_FE3D,Sentinel-1A,C-SAR,IW,VV,ASCENDING,41,13063,82,26.5581,91.8565,2409.741826057434,https://datapool.asf.alaska.edu/SLC/SA/S1A_IW_SLC__1SSV_20160915T115645_20160915T115712_013063_014B5A_FE3D.zip,"POLYGON ((90.433723 27.159439, 90.786659 25.533474, 93.265167 25.947262, 92.94931 27.57037, 90.433723 27.159439))",unprocessed_interferograms_vegetation_decorrelation,UNAVAILABLE,REAL_SENTINEL1_INSAR,False
REAL-NER-001,2016-09-29 23:46:51+00:00,,,,False,S1A_IW_SLC__1SDV_20160929T234651_20160929T234719_013274_01524C_8941,Sentinel-1A,C-SAR,IW,VV+VH,DESCENDING,77,13274,506,25.8099,92.4094,4797.767971992493,https://datapool.asf.alaska.edu/SLC/SA/S1A_IW_SLC__1SDV_20160929T234651_20160929T234719_013274_01524C_8941.zip,"POLYGON ((93.462547 24.757027, 93.825699 26.439663, 91.333839 26.850561, 91.007454 25.170961, 93.462547 24.757027))",unprocessed_interferograms_vegetation_decorrelation,UNAVAILABLE,REAL_SENTINEL1_INSAR,False
REAL-NER-001,2016-10-09 11:56:45+00:00,,,,False,S1A_IW_SLC__1SSV_20161009T115645_20161009T115713_013413_0156A2_F9CC,Sentinel-1A,C-SAR,IW,VV,ASCENDING,41,13413,82,26.5304,91.8609,2512.6965112686157,https://datapool.asf.alaska.edu/SLC/SA/S1A_IW_SLC__1SSV_20161009T115645_20161009T115713_013413_0156A2_F9CC.zip,"POLYGON ((90.432014 27.160503, 90.797478 25.476746, 93.274811 25.890694, 92.947693 27.571493, 90.432014 27.160503))",unprocessed_interferograms_vegetation_decorrelation,UNAVAILABLE,REAL_SENTINEL1_INSAR,False
REAL-NER-002,2015-01-02 23:46:46+00:00,,,,False,S1A_IW_SLC__1SDV_20150102T234646_20150102T234713_003999_004D11_6050,Sentinel-1A,C-SAR,IW,VV+VH,DESCENDING,77,3999,508,25.2845,92.2925,4557.7109298706055,https://datapool.asf.alaska.edu/SLC/SA/S1A_IW_SLC__1SDV_20150102T234646_20150102T234713_003999_004D11_6050.zip,"POLYGON ((93.345421 24.259798, 93.695061 25.886179, 91.218262 26.297493, 90.903137 24.674109, 93.345421 24.259798))",unprocessed_interferograms_vegetation_decorrelation,UNAVAILABLE,REAL_SENTINEL1_INSAR,False
REAL-NER-002,2015-01-12 11:56:13+00:00,,,,False,S1A_IW_SLC__1SSV_20150112T115613_20150112T115641_004138_00503F_7E57,Sentinel-1A,C-SAR,IW,VV,ASCENDING,41,4138,78,25.5332,92.0748,2481.25159740448,https://datapool.asf.alaska.edu/SLC/SA/S1A_IW_SLC__1SSV_20150112T115613_20150112T115641_004138_00503F_7E57.zip,"POLYGON ((90.66169 26.163517, 91.024521 24.479357, 93.473869 24.893858, 93.147324 26.574949, 90.66169 26.163517))",unprocessed_interferograms_vegetation_decorrelation,UNAVAILABLE,REAL_SENTINEL1_INSAR,False
REAL-NER-002,2015-01-26 23:46:45+00:00,,,,False,S1A_IW_SLC__1SDV_20150126T234645_20150126T234712_004349_0054E2_8796,Sentinel-1A,C-SAR,IW,VV+VH,DESCENDING,77,4349,508,25.2842,92.2936,4548.144697189331,https://datapool.asf.alaska.edu/SLC/SA/S1A_IW_SLC__1SDV_20150126T234645_20150126T234712_004349_0054E2_8796.zip,"POLYGON ((93.346565 24.259567, 93.696198 25.885685, 91.219299 26.297071, 90.904182 24.673946, 93.346565 24.259567))",unprocessed_interferograms_vegetation_decorrelation,UNAVAILABLE,REAL_SENTINEL1_INSAR,False
REAL-NER-002,2015-02-05 11:56:12+00:00,,,,False,S1A_IW_SLC__1SSV_20150205T115612_20150205T115640_004488_005811_BEC0,Sentinel-1A,C-SAR,IW,VV,ASCENDING,41,4488,78,25.5326,92.0763,2483.4187622070312,https://datapool.asf.alaska.edu/SLC/SA/S1A_IW_SLC__1SSV_20150205T115612_20150205T115640_004488_005811_BEC0.zip,"POLYGON ((90.663116 26.16288, 91.025833 24.478975, 93.475418 24.893456, 93.148979 26.574291, 90.663116 26.16288))",unprocessed_interferograms_vegetation_decorrelation,UNAVAILABLE,REAL_SENTINEL1_INSAR,False
REAL-NER-002,2015-03-03 23:46:45+00:00,,,,False,S1A_IW_SLC__1SDV_20150303T234645_20150303T234712_004874_006130_EF9D,Sentinel-1A,C-SAR,IW,VV+VH,DESCENDING,77,4874,508,25.2839,92.2927,4562.800132751465,https://datapool.asf.alaska.edu/SLC/SA/S1A_IW_SLC__1SDV_20150303T234645_20150303T234712_004874_006130_EF9D.zip,"POLYGON ((93.345428 24.259197, 93.695068 25.885592, 91.218468 26.296873, 90.903343 24.673473, 93.345428 24.259197))",unprocessed_interferograms_vegetation_decorrelation,UNAVAILABLE,REAL_SENTINEL1_INSAR,False
REAL-NER-002,2015-03-13 11:56:13+00:00,,,,False,S1A_IW_SLC__1SSV_20150313T115613_20150313T115641_005013_00648C_9732,Sentinel-1A,C-SAR,IW,VV,ASCENDING,41,5013,78,25.5319,92.075,2479.5768241882324,https://datapool.asf.alaska.edu/SLC/SA/S1A_IW_SLC__1SSV_20150313T115613_20150313T115641_005013_00648C_9732.zip,"POLYGON ((90.661842 26.162138, 91.024635 24.478111, 93.474144 24.89266, 93.147621 26.573616, 90.661842 26.162138))",unprocessed_interferograms_vegetation_decorrelation,UNAVAILABLE,REAL_SENTINEL1_INSAR,False
REAL-NER-002,2015-03-27 23:46:45+00:00,,,,False,S1A_IW_SLC__1SDV_20150327T234645_20150327T234712_005224_00698F_1DCE,Sentinel-1A,C-SAR,IW,VV+VH,DESCENDING,77,5224,508,25.2843,92.2939,4601.907403945923,https://datapool.asf.alaska.edu/SLC/SA/S1A_IW_SLC__1SDV_20150327T234645_20150327T234712_005224_00698F_1DCE.zip,"POLYGON ((93.346703 24.259604, 93.696358 25.885868, 91.219727 26.297205, 90.904587 24.673935, 93.346703 24.259604))",unprocessed_interferograms_vegetation_decorrelation,UNAVAILABLE,REAL_SENTINEL1_INSAR,False
REAL-NER-002,2015-04-06 11:56:13+00:00,,,,False,S1A_IW_SLC__1SSV_20150406T115613_20150406T115641_005363_006CE0_4FB4,Sentinel-1A,C-SAR,IW,VV,ASCENDING,41,5363,78,25.5317,92.0762,2511.0939798355103,https://datapool.asf.alaska.edu/SLC/SA/S1A_IW_SLC__1SSV_20150406T115613_20150406T115641_005363_006CE0_4FB4.zip,"POLYGON ((90.662979 26.162102, 91.025764 24.477821, 93.475296 24.892305, 93.148788 26.573515, 90.662979 26.162102))",unprocessed_interferograms_vegetation_decorrelation,UNAVAILABLE,REAL_SENTINEL1_INSAR,False
REAL-NER-002,2015-04-20 23:46:45+00:00,,,,False,S1A_IW_SLC__1SDV_20150420T234645_20150420T234713_005574_00721F_BCA7,Sentinel-1A,C-SAR,IW,VV+VH,DESCENDING,77,5574,508,25.3126,92.2996,4859.874155044556,https://datapool.asf.alaska.edu/SLC/SA/S1A_IW_SLC__1SDV_20150420T234645_20150420T234713_005574_00721F_BCA7.zip,"POLYGON ((93.346634 24.259285, 93.708649 25.942863, 91.230736 26.354069, 90.904503 24.673588, 93.346634 24.259285))",unprocessed_interferograms_vegetation_decorrelation,UNAVAILABLE,REAL_SENTINEL1_INSAR,False
REAL-NER-002,2015-04-30 11:56:15+00:00,,,,False,S1A_IW_SLC__1SSV_20150430T115615_20150430T115642_005713_007555_E258,Sentinel-1A,C-SAR,IW,VV,ASCENDING,41,5713,78,25.5037,92.0811,2440.5102014541626,https://datapool.asf.alaska.edu/SLC/SA/S1A_IW_SLC__1SSV_20150430T115615_20150430T115642_005713_007555_E258.zip,"POLYGON ((90.67485 26.104931, 91.024986 24.479061, 93.474144 24.893482, 93.158966 26.516382, 90.67485 26.104931))",unprocessed_interferograms_vegetation_decorrelation,UNAVAILABLE,REAL_SENTINEL1_INSAR,False
REAL-NER-002,2015-05-14 23:46:46+00:00,,,,False,S1A_IW_SLC__1SDV_20150514T234646_20150514T234714_005924_007A1B_345E,Sentinel-1A,C-SAR,IW,VV+VH,DESCENDING,77,5924,508,25.3117,92.3005,4817.221419334412,https://datapool.asf.alaska.edu/SLC/SA/S1A_IW_SLC__1SDV_20150514T234646_20150514T234714_005924_007A1B_345E.zip,"POLYGON ((93.347717 24.258488, 93.709686 25.941797, 91.231491 26.353083, 90.905296 24.672874, 93.347717 24.258488))",unprocessed_interferograms_vegetation_decorrelation,UNAVAILABLE,REAL_SENTINEL1_INSAR,False
REAL-NER-002,2015-05-24 11:56:16+00:00,,,,False,S1A_IW_SLC__1SSV_20150524T115616_20150524T115643_006063_007D76_EA14,Sentinel-1A,C-SAR,IW,VV,ASCENDING,41,6063,78,25.5024,92.0815,2441.519344329834,https://datapool.asf.alaska.edu/SLC/SA/S1A_IW_SLC__1SSV_20150524T115616_20150524T115643_006063_007D76_EA14.zip,"POLYGON ((90.675209 26.103479, 91.02533 24.477863, 93.474419 24.892324, 93.159256 26.514973, 90.675209 26.103479))",unprocessed_interferograms_vegetation_decorrelation,UNAVAILABLE,REAL_SENTINEL1_INSAR,False
REAL-NER-002,2015-06-07 23:46:48+00:00,,,,False,S1A_IW_SLC__1SDV_20150607T234648_20150607T234716_006274_008390_8585,Sentinel-1A,C-SAR,IW,VV+VH,DESCENDING,77,6274,508,25.312,92.2986,4767.982753753662,https://datapool.asf.alaska.edu/SLC/SA/S1A_IW_SLC__1SDV_20150607T234648_20150607T234716_006274_008390_8585.zip,"POLYGON ((93.34568 24.258543, 93.707741 25.942232, 91.229698 26.353491, 90.903419 24.672901, 93.34568 24.258543))",unprocessed_interferograms_vegetation_decorrelation,UNAVAILABLE,REAL_SENTINEL1_INSAR,False
REAL-NER-002,2015-06-17 11:56:12+00:00,,,,False,S1A_IW_SLC__1SSV_20150617T115612_20150617T115639_006413_00877D_855A,Sentinel-1A,C-SAR,IW,VV,ASCENDING,41,6413,77,25.1701,92.1424,2409.0043659210205,https://datapool.asf.alaska.edu/SLC/SA/S1A_IW_SLC__1SSV_20150617T115612_20150617T115639_006413_00877D_855A.zip,"POLYGON ((90.736679 25.770702, 91.086273 24.144457, 93.535057 24.560705, 93.219917 26.183952, 90.736679 25.770702))",unprocessed_interferograms_vegetation_decorrelation,UNAVAILABLE,REAL_SENTINEL1_INSAR,False
REAL-NER-002,2015-07-01 23:46:46+00:00,,,,False,S1A_IW_SLC__1SDV_20150701T234646_20150701T234713_006624_008D62_AA5B,Sentinel-1A,C-SAR,IW,VV+VH,DESCENDING,77,6624,507,25.5023,92.3392,4639.097589492798,https://datapool.asf.alaska.edu/SLC/SA/S1A_IW_SLC__1SDV_20150701T234646_20150701T234713_006624_008D62_AA5B.zip,"POLYGON ((93.392952 24.474207, 93.744629 26.107599, 91.26368 26.518417, 90.947067 24.888006, 93.392952 24.474207))",unprocessed_interferograms_vegetation_decorrelation,UNAVAILABLE,REAL_SENTINEL1_INSAR,False
REAL-NER-002,2015-07-11 11:56:12+00:00,,,,False,S1A_IW_SLC__1SSV_20150711T115612_20150711T115639_006763_009133_522B,Sentinel-1A,C-SAR,IW,VV,ASCENDING,41,6763,77,25.1697,92.142,2421.3741998672485,https://datapool.asf.alaska.edu/SLC/SA/S1A_IW_SLC__1SSV_20150711T115612_20150711T115639_006763_009133_522B.zip,"POLYGON ((90.736343 25.770109, 91.085876 24.144239, 93.534691 24.560551, 93.219582 26.18342, 90.736343 25.770109))",unprocessed_interferograms_vegetation_decorrelation,UNAVAILABLE,REAL_SENTINEL1_INSAR,False
REAL-NER-002,2015-08-18 23:46:49+00:00,,,,False,S1A_IW_SLC__1SDV_20150818T234649_20150818T234716_007324_00A0E5_D0DA,Sentinel-1A,C-SAR,IW,VV+VH,DESCENDING,77,7324,507,25.504,92.3409,4659.318826675415,https://datapool.asf.alaska.edu/SLC/SA/S1A_IW_SLC__1SDV_20150818T234649_20150818T234716_007324_00A0E5_D0DA.zip,"POLYGON ((93.394722 24.476055, 93.746376 26.109209, 91.26548 26.520054, 90.948883 24.889881, 93.394722 24.476055))",unprocessed_interferograms_vegetation_decorrelation,UNAVAILABLE,REAL_SENTINEL1_INSAR,False
REAL-NER-002,2015-08-28 11:56:15+00:00,,,,False,S1A_IW_SLC__1SSV_20150828T115615_20150828T115642_007463_00A49C_FCD7,Sentinel-1A,C-SAR,IW,VV,ASCENDING,41,7463,77,25.1686,92.1421,2424.5478658676147,https://datapool.asf.alaska.edu/SLC/SA/S1A_IW_SLC__1SSV_20150828T115615_20150828T115642_007463_00A49C_FCD7.zip,"POLYGON ((90.736397 25.769239, 91.085968 24.142986, 93.534729 24.559237, 93.219597 26.182489, 90.736397 25.769239))",unprocessed_interferograms_vegetation_decorrelation,UNAVAILABLE,REAL_SENTINEL1_INSAR,False
REAL-NER-002,2015-09-09 11:56:09+00:00,,,,False,S1A_IW_SLC__1SSV_20150909T115609_20150909T115636_007638_00A96A_036A,Sentinel-1A,C-SAR,IW,VV,ASCENDING,41,7638,76,24.7828,92.2175,2403.172101020813,https://datapool.asf.alaska.edu/SLC/SA/S1A_IW_SLC__1SSV_20150909T115609_20150909T115636_007638_00A96A_036A.zip,"POLYGON ((90.818611 25.387081, 91.168839 23.753864, 93.603661 24.169905, 93.287224 25.800081, 90.818611 25.387081))",unprocessed_interferograms_vegetation_decorrelation,UNAVAILABLE,REAL_SENTINEL1_INSAR,False
REAL-NER-002,2015-09-21 11:56:16+00:00,,,,False,S1A_IW_SLC__1SSV_20150921T115616_20150921T115643_007813_00AE02_71DC,Sentinel-1A,C-SAR,IW,VV,ASCENDING,41,7813,77,25.1692,92.1414,2435.793791770935,https://datapool.asf.alaska.edu/SLC/SA/S1A_IW_SLC__1SSV_20150921T115616_20150921T115643_007813_00AE02_71DC.zip,"POLYGON ((90.735748 25.769896, 91.085426 24.143396, 93.534096 24.559698, 93.218864 26.183195, 90.735748 25.769896))",unprocessed_interferograms_vegetation_decorrelation,UNAVAILABLE,REAL_SENTINEL1_INSAR,False
REAL-NER-002,2015-10-29 23:46:50+00:00,,,,False,S1A_IW_SLC__1SDV_20151029T234650_20151029T234717_008374_00BD32_9394,Sentinel-1A,C-SAR,IW,VV+VH,DESCENDING,77,8374,507,25.504,92.3415,4620.483737945557,https://datapool.asf.alaska.edu/SLC/SA/S1A_IW_SLC__1SDV_20151029T234650_20151029T234717_008374_00BD32_9394.zip,"POLYGON ((93.3955 24.476015, 93.747169 26.109266, 91.265877 26.520151, 90.949272 24.889881, 93.3955 24.476015))",unprocessed_interferograms_vegetation_decorrelation,UNAVAILABLE,REAL_SENTINEL1_INSAR,False
REAL-NER-002,2015-11-22 23:46:44+00:00,,,,False,S1A_IW_SLC__1SDV_20151122T234644_20151122T234711_008724_00C6C1_0078,Sentinel-1A,C-SAR,IW,VV+VH,DESCENDING,77,8724,506,25.835,92.4149,4636.986660003662,https://datapool.asf.alaska.edu/SLC/SA/S1A_IW_SLC__1SDV_20151122T234644_20151122T234711_008724_00C6C1_0078.zip,"POLYGON ((93.473373 24.807125, 93.825851 26.439869, 91.334267 26.85075, 91.017509 25.220947, 93.473373 24.807125))",unprocessed_interferograms_vegetation_decorrelation,UNAVAILABLE,REAL_SENTINEL1_INSAR,False
REAL-NER-002,2015-12-02 11:56:10+00:00,,,,False,S1A_IW_SLC__1SSV_20151202T115610_20151202T115637_008863_00CAA1_E879,Sentinel-1A,C-SAR,IW,VV,ASCENDING,41,8863,76,24.8372,92.2064,2391.3300561904907,https://datapool.asf.alaska.edu/SLC/SA/S1A_IW_SLC__1SSV_20151202T115610_20151202T115637_008863_00CAA1_E879.zip,"POLYGON ((90.804642 25.437439, 91.153557 23.811321, 93.595299 24.228249, 93.280212 25.851341, 90.804642 25.437439))",unprocessed_interferograms_vegetation_decorrelation,UNAVAILABLE,REAL_SENTINEL1_INSAR,False
REAL-NER-002,2015-12-16 23:46:43+00:00,,,,False,S1A_IW_SLC__1SDV_20151216T234643_20151216T234711_009074_00D087_02AA,Sentinel-1A,C-SAR,IW,VV+VH,DESCENDING,77,9074,506,25.81,92.4112,4716.917024612427,https://datapool.asf.alaska.edu/SLC/SA/S1A_IW_SLC__1SDV_20151216T234643_20151216T234711_009074_00D087_02AA.zip,"POLYGON ((93.464287 24.756927, 93.827606 26.439911, 91.335594 26.850908, 91.009064 25.170956, 93.464287 24.756927))",unprocessed_interferograms_vegetation_decorrelation,UNAVAILABLE,REAL_SENTINEL1_INSAR,False
REAL-NER-002,2015-12-26 11:56:09+00:00,,,,False,S1A_IW_SLC__1SSV_20151226T115609_20151226T115637_009213_00D473_746B,Sentinel-1A,C-SAR,IW,VV,ASCENDING,41,9213,76,24.8656,92.2009,2483.6134901046753,https://datapool.asf.alaska.edu/SLC/SA/S1A_IW_SLC__1SSV_20151226T115609_20151226T115637_009213_00D473_746B.zip,"POLYGON ((90.792397 25.495123, 91.1539 23.810457, 93.595802 24.227362, 93.269409 25.908895, 90.792397 25.495123))",unprocessed_interferograms_vegetation_decorrelation,UNAVAILABLE,REAL_SENTINEL1_INSAR,False
REAL-NER-002,2016-01-09 23:46:43+00:00,,,,False,S1A_IW_SLC__1SDV_20160109T234643_20160109T234710_009424_00DA7C_4C0A,Sentinel-1A,C-SAR,IW,VV+VH,DESCENDING,77,9424,506,25.8107,92.4098,4721.619793891907,https://datapool.asf.alaska.edu/SLC/SA/S1A_IW_SLC__1SDV_20160109T234643_20160109T234710_009424_00DA7C_4C0A.zip,"POLYGON ((93.462914 24.757658, 93.82621 26.440781, 91.334274 26.851692, 91.007767 25.171604, 93.462914 24.757658))",unprocessed_interferograms_vegetation_decorrelation,UNAVAILABLE,REAL_SENTINEL1_INSAR,False
REAL-NER-002,2016-01-19 11:56:08+00:00,,,,False,S1A_IW_SLC__1SSV_20160119T115608_20160119T115636_009563_00DE78_EE3D,Sentinel-1A,C-SAR,IW,VV,ASCENDING,41,9563,76,24.865,92.2008,2482.7359981536865,https://datapool.asf.alaska.edu/SLC/SA/S1A_IW_SLC__1SSV_20160119T115608_20160119T115636_009563_00DE78_EE3D.zip,"POLYGON ((90.792244 25.494553, 91.153793 23.8099, 93.59568 24.226866, 93.269249 25.908386, 90.792244 25.494553))",unprocessed_interferograms_vegetation_decorrelation,UNAVAILABLE,REAL_SENTINEL1_INSAR,False
REAL-NER-002,2016-02-02 23:46:42+00:00,,,,False,S1A_IW_SLC__1SDV_20160202T234642_20160202T234710_009774_00E4AD_137F,Sentinel-1A,C-SAR,IW,VV+VH,DESCENDING,77,9774,506,25.8109,92.4106,4694.068845748901,https://datapool.asf.alaska.edu/SLC/SA/S1A_IW_SLC__1SDV_20160202T234642_20160202T234710_009774_00E4AD_137F.zip,"POLYGON ((93.463753 24.758062, 93.826973 26.440685, 91.335045 26.851648, 91.008598 25.172058, 93.463753 24.758062))",unprocessed_interferograms_vegetation_decorrelation,UNAVAILABLE,REAL_SENTINEL1_INSAR,False
REAL-NER-002,2016-02-12 11:56:08+00:00,,,,False,S1A_IW_SLC__1SSV_20160212T115608_20160212T115636_009913_00E8B3_E211,Sentinel-1A,C-SAR,IW,VV,ASCENDING,41,9913,76,24.8651,92.2011,2494.22047996521,https://datapool.asf.alaska.edu/SLC/SA/S1A_IW_SLC__1SSV_20160212T115608_20160212T115636_009913_00E8B3_E211.zip,"POLYGON ((90.792679 25.494659, 91.154205 23.809992, 93.596039 24.226933, 93.269615 25.908468, 90.792679 25.494659))",unprocessed_interferograms_vegetation_decorrelation,UNAVAILABLE,REAL_SENTINEL1_INSAR,False
REAL-NER-002,2016-03-07 11:56:08+00:00,,,,False,S1A_IW_SLC__1SSV_20160307T115608_20160307T115636_010263_00F2BF_FC5A,Sentinel-1A,C-SAR,IW,VV,ASCENDING,41,10263,76,24.8656,92.2009,2493.0782585144043,https://datapool.asf.alaska.edu/SLC/SA/S1A_IW_SLC__1SSV_20160307T115608_20160307T115636_010263_00F2BF_FC5A.zip,"POLYGON ((90.79245 25.495096, 91.153915 23.810543, 93.595688 24.227436, 93.269325 25.908855, 90.79245 25.495096))",unprocessed_interferograms_vegetation_decorrelation,UNAVAILABLE,REAL_SENTINEL1_INSAR,False
REAL-NER-002,2016-03-21 23:46:42+00:00,,,,False,S1A_IW_SLC__1SDV_20160321T234642_20160321T234710_010474_00F8C5_5EAE,Sentinel-1A,C-SAR,IW,VV+VH,DESCENDING,77,10474,506,25.8112,92.4093,4715.529980659485,https://datapool.asf.alaska.edu/SLC/SA/S1A_IW_SLC__1SDV_20160321T234642_20160321T234710_010474_00F8C5_5EAE.zip,"POLYGON ((93.462219 24.758305, 93.825439 26.441204, 91.333824 26.852064, 91.007378 25.172201, 93.462219 24.758305))",unprocessed_interferograms_vegetation_decorrelation,UNAVAILABLE,REAL_SENTINEL1_INSAR,False
REAL-NER-002,2016-03-31 11:56:08+00:00,,,,False,S1A_IW_SLC__1SSV_20160331T115608_20160331T115636_010613_00FCB9_545D,Sentinel-1A,C-SAR,IW,VV,ASCENDING,41,10613,76,24.8644,92.2007,2512.053596496582,https://datapool.asf.alaska.edu/SLC/SA/S1A_IW_SLC__1SSV_20160331T115608_20160331T115636_010613_00FCB9_545D.zip,"POLYGON ((90.792313 25.493954, 91.153824 23.809275, 93.595535 24.226217, 93.269112 25.907761, 90.792313 25.493954))",unprocessed_interferograms_vegetation_decorrelation,UNAVAILABLE,REAL_SENTINEL1_INSAR,False
REAL-NER-002,2016-04-14 23:46:43+00:00,,,,False,S1A_IW_SLC__1SDV_20160414T234643_20160414T234711_010824_010310_E799,Sentinel-1A,C-SAR,IW,VV+VH,DESCENDING,77,10824,506,25.8109,92.4103,4786.839341163635,https://datapool.asf.alaska.edu/SLC/SA/S1A_IW_SLC__1SDV_20160414T234643_20160414T234711_010824_010310_E799.zip,"POLYGON ((93.463371 24.758146, 93.826546 26.440662, 91.334808 26.85161, 91.008392 25.172131, 93.463371 24.758146))",unprocessed_interferograms_vegetation_decorrelation,UNAVAILABLE,REAL_SENTINEL1_INSAR,False
REAL-NER-002,2016-04-24 11:56:09+00:00,,,,False,S1A_IW_SLC__1SSV_20160424T115609_20160424T115637_010963_01074B_5838,Sentinel-1A,C-SAR,IW,VV,ASCENDING,41,10963,76,24.865,92.2015,2499.774893760681,https://datapool.asf.alaska.edu/SLC/SA/S1A_IW_SLC__1SSV_20160424T115609_20160424T115637_010963_01074B_5838.zip,"POLYGON ((90.793221 25.494596, 91.154663 23.810026, 93.596268 24.226887, 93.269913 25.908321, 90.793221 25.494596))",unprocessed_interferograms_vegetation_decorrelation,UNAVAILABLE,REAL_SENTINEL1_INSAR,False
REAL-NER-002,2016-05-08 23:46:44+00:00,,,,False,S1A_IW_SLC__1SDV_20160508T234644_20160508T234712_011174_010DFC_A15E,Sentinel-1A,C-SAR,IW,VV+VH,DESCENDING,77,11174,506,25.8105,92.4097,4770.411485671997,https://datapool.asf.alaska.edu/SLC/SA/S1A_IW_SLC__1SDV_20160508T234644_20160508T234712_011174_010DFC_A15E.zip,"POLYGON ((93.462708 24.757393, 93.825981 26.440533, 91.334213 26.851446, 91.007713 25.171345, 93.462708 24.757393))",unprocessed_interferograms_vegetation_decorrelation,UNAVAILABLE,REAL_SENTINEL1_INSAR,False
REAL-NER-002,2016-05-18 11:56:13+00:00,,,,False,S1A_IW_SLC__1SSV_20160518T115613_20160518T115641_011313_011273_9C98,Sentinel-1A,C-SAR,IW,VV,ASCENDING,41,11313,77,25.0308,92.1692,2497.8626775741577,https://datapool.asf.alaska.edu/SLC/SA/S1A_IW_SLC__1SSV_20160518T115613_20160518T115641_011313_011273_9C98.zip,"POLYGON ((90.758301 25.660213, 91.120087 23.975838, 93.566353 24.392601, 93.239983 26.073856, 90.758301 25.660213))",unprocessed_interferograms_vegetation_decorrelation,UNAVAILABLE,REAL_SENTINEL1_INSAR,False
REAL-NER-002,2016-06-01 23:46:45+00:00,,,,False,S1A_IW_SLC__1SDV_20160601T234645_20160601T234713_011524_01195C_5B95,Sentinel-1A,C-SAR,IW,VV+VH,DESCENDING,77,11524,506,25.8113,92.4095,4812.204656600952,https://datapool.asf.alaska.edu/SLC/SA/S1A_IW_SLC__1SDV_20160601T234645_20160601T234713_011524_01195C_5B95.zip,"POLYGON ((93.46244 24.75828, 93.825699 26.441431, 91.334129 26.852278, 91.007637 25.172163, 93.46244 24.75828))",unprocessed_interferograms_vegetation_decorrelation,UNAVAILABLE,REAL_SENTINEL1_INSAR,False
REAL-NER-002,2016-06-11 11:56:15+00:00,,,,False,S1A_IW_SLC__1SSV_20160611T115615_20160611T115643_011663_011DA3_48C6,Sentinel-1A,C-SAR,IW,VV,ASCENDING,41,11663,77,25.0321,92.1679,2497.901759147644,https://datapool.asf.alaska.edu/SLC/SA/S1A_IW_SLC__1SSV_20160611T115615_20160611T115643_011663_011DA3_48C6.zip,"POLYGON ((90.756927 25.661539, 91.118774 23.977045, 93.565125 24.393854, 93.238701 26.075228, 90.756927 25.661539))",unprocessed_interferograms_vegetation_decorrelation,UNAVAILABLE,REAL_SENTINEL1_INSAR,False
REAL-NER-002,2016-07-05 11:56:16+00:00,,,,False,S1A_IW_SLC__1SSV_20160705T115616_20160705T115644_012013_0128C2_B418,Sentinel-1A,C-SAR,IW,VV,ASCENDING,41,12013,77,25.0325,92.1684,2502.0467262268066,https://datapool.asf.alaska.edu/SLC/SA/S1A_IW_SLC__1SSV_20160705T115616_20160705T115644_012013_0128C2_B418.zip,"POLYGON ((90.757484 25.661928, 91.119255 23.977547, 93.565544 24.394283, 93.239189 26.075542, 90.757484 25.661928))",unprocessed_interferograms_vegetation_decorrelation,UNAVAILABLE,REAL_SENTINEL1_INSAR,False
REAL-NER-002,2016-07-19 23:46:48+00:00,,,,False,S1A_IW_SLC__1SDV_20160719T234648_20160719T234716_012224_012FB2_B0A0,Sentinel-1A,C-SAR,IW,VV+VH,DESCENDING,77,12224,506,25.8101,92.4101,4783.649091720581,https://datapool.asf.alaska.edu/SLC/SA/S1A_IW_SLC__1SDV_20160719T234648_20160719T234716_012224_012FB2_B0A0.zip,"POLYGON ((93.463165 24.757242, 93.82634 26.440012, 91.334633 26.850893, 91.008224 25.171162, 93.463165 24.757242))",unprocessed_interferograms_vegetation_decorrelation,UNAVAILABLE,REAL_SENTINEL1_INSAR,False
REAL-NER-002,2016-07-29 11:56:17+00:00,,,,False,S1A_IW_SLC__1SSV_20160729T115617_20160729T115644_012363_013437_9E4F,Sentinel-1A,C-SAR,IW,VV,ASCENDING,41,12363,77,25.0039,92.1738,2384.277032852173,https://datapool.asf.alaska.edu/SLC/SA/S1A_IW_SLC__1SSV_20160729T115617_20160729T115644_012363_013437_9E4F.zip,"POLYGON ((90.769539 25.604252, 91.118797 23.978062, 93.565231 24.394876, 93.250114 26.018051, 90.769539 25.604252))",unprocessed_interferograms_vegetation_decorrelation,UNAVAILABLE,REAL_SENTINEL1_INSAR,False
REAL-NER-002,2016-08-12 23:46:49+00:00,,,,False,S1A_IW_SLC__1SDV_20160812T234649_20160812T234717_012574_013B43_45A4,Sentinel-1A,C-SAR,IW,VV+VH,DESCENDING,77,12574,506,25.8101,92.4104,4787.447124481201,https://datapool.asf.alaska.edu/SLC/SA/S1A_IW_SLC__1SDV_20160812T234649_20160812T234717_012574_013B43_45A4.zip,"POLYGON ((93.463493 24.757284, 93.826675 26.439922, 91.334885 26.850868, 91.008453 25.171267, 93.463493 24.757284))",unprocessed_interferograms_vegetation_decorrelation,UNAVAILABLE,REAL_SENTINEL1_INSAR,False
REAL-NER-002,2016-08-22 11:56:19+00:00,,,,False,S1A_IW_SLC__1SSV_20160822T115619_20160822T115647_012713_013FDD_69AA,Sentinel-1A,C-SAR,IW,VV,ASCENDING,41,12713,77,25.0324,92.1681,2496.3520889282227,https://datapool.asf.alaska.edu/SLC/SA/S1A_IW_SLC__1SSV_20160822T115619_20160822T115647_012713_013FDD_69AA.zip,"POLYGON ((90.757202 25.66202, 91.119095 23.977266, 93.565315 24.394033, 93.238846 26.075666, 90.757202 25.66202))",unprocessed_interferograms_vegetation_decorrelation,UNAVAILABLE,REAL_SENTINEL1_INSAR,False
REAL-NER-002,2016-09-05 23:46:50+00:00,,,,False,S1A_IW_SLC__1SDV_20160905T234650_20160905T234718_012924_0146F3_D976,Sentinel-1A,C-SAR,IW,VV+VH,DESCENDING,77,12924,506,25.8095,92.4103,4802.384656906128,https://datapool.asf.alaska.edu/SLC/SA/S1A_IW_SLC__1SDV_20160905T234650_20160905T234718_012924_0146F3_D976.zip,"POLYGON ((93.463417 24.756784, 93.826538 26.439177, 91.334785 26.850096, 91.008423 25.170738, 93.463417 24.756784))",unprocessed_interferograms_vegetation_decorrelation,UNAVAILABLE,REAL_SENTINEL1_INSAR,False
REAL-NER-002,2016-09-15 11:56:20+00:00,,,,False,S1A_IW_SLC__1SSV_20160915T115620_20160915T115648_013063_014B5A_68C7,Sentinel-1A,C-SAR,IW,VV,ASCENDING,41,13063,77,25.0322,92.1689,2491.071075439453,https://datapool.asf.alaska.edu/SLC/SA/S1A_IW_SLC__1SSV_20160915T115620_20160915T115648_013063_014B5A_68C7.zip,"POLYGON ((90.757973 25.661564, 91.119713 23.977438, 93.566032 24.394197, 93.239708 26.075205, 90.757973 25.661564))",unprocessed_interferograms_vegetation_decorrelation,UNAVAILABLE,REAL_SENTINEL1_INSAR,False
REAL-NER-002,2016-09-29 23:46:51+00:00,,,,False,S1A_IW_SLC__1SDV_20160929T234651_20160929T234719_013274_01524C_8941,Sentinel-1A,C-SAR,IW,VV+VH,DESCENDING,77,13274,506,25.8099,92.4094,4797.767971992493,https://datapool.asf.alaska.edu/SLC/SA/S1A_IW_SLC__1SDV_20160929T234651_20160929T234719_013274_01524C_8941.zip,"POLYGON ((93.462547 24.757027, 93.825699 26.439663, 91.333839 26.850561, 91.007454 25.170961, 93.462547 24.757027))",unprocessed_interferograms_vegetation_decorrelation,UNAVAILABLE,REAL_SENTINEL1_INSAR,False
REAL-NER-002,2016-10-09 11:56:20+00:00,,,,False,S1A_IW_SLC__1SSV_20161009T115620_20161009T115647_013413_0156A2_DD9A,Sentinel-1A,C-SAR,IW,VV,ASCENDING,41,13413,77,25.0039,92.1731,2408.104760169983,https://datapool.asf.alaska.edu/SLC/SA/S1A_IW_SLC__1SSV_20161009T115620_20161009T115647_013413_0156A2_DD9A.zip,"POLYGON ((90.768753 25.604313, 91.118065 23.978006, 93.564514 24.394833, 93.249359 26.018127, 90.768753 25.604313))",unprocessed_interferograms_vegetation_decorrelation,UNAVAILABLE,REAL_SENTINEL1_INSAR,False
REAL-NER-003,2015-01-07 11:47:44+00:00,,,,False,S1A_IW_SLC__1SSV_20150107T114744_20150107T114811_004065_004E8B_F102,Sentinel-1A,C-SAR,IW,VV,ASCENDING,143,4065,75,24.5652,94.3313,2420.0767517089844,https://datapool.asf.alaska.edu/SLC/SA/S1A_IW_SLC__1SSV_20150107T114744_20150107T114811_004065_004E8B_F102.zip,"POLYGON ((92.934898 25.166122, 93.283112 23.539396, 95.715088 23.955872, 95.400169 25.579531, 92.934898 25.166122))",unprocessed_interferograms_vegetation_decorrelation,UNAVAILABLE,REAL_SENTINEL1_INSAR,False
REAL-NER-003,2015-01-31 11:47:44+00:00,,,,False,S1A_IW_SLC__1SSV_20150131T114744_20150131T114811_004415_005656_EBF6,Sentinel-1A,C-SAR,IW,VV,ASCENDING,143,4415,75,24.5649,94.3312,2417.3751792907715,https://datapool.asf.alaska.edu/SLC/SA/S1A_IW_SLC__1SSV_20150131T114744_20150131T114811_004415_005656_EBF6.zip,"POLYGON ((92.934799 25.165686, 93.282959 23.539213, 95.714996 23.9557, 95.400116 25.579109, 92.934799 25.165686))",unprocessed_interferograms_vegetation_decorrelation,UNAVAILABLE,REAL_SENTINEL1_INSAR,False
REAL-NER-003,2015-02-14 23:38:28+00:00,,,,False,S1A_IW_SLC__1SDV_20150214T233828_20150214T233854_004626_005B3C_EB95,Sentinel-1A,C-SAR,IW,VV+VH,DESCENDING,4,4626,507,25.4938,94.3957,4604.296143531799,https://datapool.asf.alaska.edu/SLC/SA/S1A_IW_SLC__1SDV_20150214T233828_20150214T233854_004626_005B3C_EB95.zip,"POLYGON ((95.451736 24.468954, 95.801933 26.095266, 93.318001 26.506683, 93.002747 24.883345, 95.451736 24.468954))",unprocessed_interferograms_vegetation_decorrelation,UNAVAILABLE,REAL_SENTINEL1_INSAR,False
REAL-NER-003,2015-02-14 23:38:52+00:00,,,,False,S1A_IW_SLC__1SDV_20150214T233852_20150214T233919_004626_005B3C_D78B,Sentinel-1A,C-SAR,IW,VV+VH,DESCENDING,4,4626,512,23.9953,94.0963,4593.422317504883,https://datapool.asf.alaska.edu/SLC/SA/S1A_IW_SLC__1SDV_20150214T233852_20150214T233919_004626_005B3C_D78B.zip,"POLYGON ((95.140152 22.96883, 95.487274 24.595701, 93.032249 25.010534, 92.717407 23.386784, 95.140152 22.96883))",unprocessed_interferograms_vegetation_decorrelation,UNAVAILABLE,REAL_SENTINEL1_INSAR,False
REAL-NER-003,2015-02-24 11:47:43+00:00,,,,False,S1A_IW_SLC__1SSV_20150224T114743_20150224T114810_004765_005E89_F316,Sentinel-1A,C-SAR,IW,VV,ASCENDING,143,4765,75,24.5651,94.3314,2418.3189430236816,https://datapool.asf.alaska.edu/SLC/SA/S1A_IW_SLC__1SSV_20150224T114743_20150224T114810_004765_005E89_F316.zip,"POLYGON ((92.934982 25.165796, 93.283165 23.539331, 95.715263 23.955887, 95.400345 25.579288, 92.934982 25.165796))",unprocessed_interferograms_vegetation_decorrelation,UNAVAILABLE,REAL_SENTINEL1_INSAR,False
REAL-NER-003,2015-02-26 23:38:27+00:00,,,,False,S1A_IW_SLC__1SDV_20150226T233827_20150226T233854_004801_005F7E_271E,Sentinel-1A,C-SAR,IW,VV+VH,DESCENDING,4,4801,507,25.493,94.3965,4648.731819152832,https://datapool.asf.alaska.edu/SLC/SA/S1A_IW_SLC__1SDV_20150226T233827_20150226T233854_004801_005F7E_271E.zip,"POLYGON ((95.452469 24.468237, 95.802658 26.094419, 93.318779 26.505863, 93.003525 24.882652, 95.452469 24.468237))",unprocessed_interferograms_vegetation_decorrelation,UNAVAILABLE,REAL_SENTINEL1_INSAR,False
REAL-NER-003,2015-02-26 23:38:52+00:00,,,,False,S1A_IW_SLC__1SDV_20150226T233852_20150226T233919_004801_005F7E_7D6C,Sentinel-1A,C-SAR,IW,VV+VH,DESCENDING,4,4801,512,23.9947,94.097,4629.522239685059,https://datapool.asf.alaska.edu/SLC/SA/S1A_IW_SLC__1SDV_20150226T233852_20150226T233919_004801_005F7E_7D6C.zip,"POLYGON ((95.140892 22.968243, 95.488007 24.594982, 93.033028 25.009844, 92.718185 23.386219, 95.140892 22.968243))",unprocessed_interferograms_vegetation_decorrelation,UNAVAILABLE,REAL_SENTINEL1_INSAR,False
REAL-NER-003,2015-03-20 11:47:44+00:00,,,,False,S1A_IW_SLC__1SSV_20150320T114744_20150320T114811_005115_0066FA_8F81,Sentinel-1A,C-SAR,IW,VV,ASCENDING,143,5115,75,24.564,94.3312,2417.4860162734985,https://datapool.asf.alaska.edu/SLC/SA/S1A_IW_SLC__1SSV_20150320T114744_20150320T114811_005115_0066FA_8F81.zip,"POLYGON ((92.934731 25.164837, 93.28289 23.538248, 95.71508 23.954762, 95.400192 25.578285, 92.934731 25.164837))",unprocessed_interferograms_vegetation_decorrelation,UNAVAILABLE,REAL_SENTINEL1_INSAR,False
REAL-NER-003,2015-03-22 23:38:28+00:00,,,,False,S1A_IW_SLC__1SDV_20150322T233828_20150322T233855_005151_0067E7_23E4,Sentinel-1A,C-SAR,IW,VV+VH,DESCENDING,4,5151,507,25.4951,94.395,4632.399605751038,https://datapool.asf.alaska.edu/SLC/SA/S1A_IW_SLC__1SDV_20150322T233828_20150322T233855_005151_0067E7_23E4.zip,"POLYGON ((95.450981 24.470266, 95.801163 26.096584, 93.317299 26.507967, 93.002052 24.884623, 95.450981 24.470266))",unprocessed_interferograms_vegetation_decorrelation,UNAVAILABLE,REAL_SENTINEL1_INSAR,False
REAL-NER-003,2015-03-22 23:38:53+00:00,,,,False,S1A_IW_SLC__1SDV_20150322T233853_20150322T233920_005151_0067E7_32B7,Sentinel-1A,C-SAR,IW,VV+VH,DESCENDING,4,5151,512,23.9967,94.0956,4616.67804813385,https://datapool.asf.alaska.edu/SLC/SA/S1A_IW_SLC__1SDV_20150322T233853_20150322T233920_005151_0067E7_32B7.zip,"POLYGON ((95.139412 22.970137, 95.486542 24.597137, 93.031578 25.011938, 92.716728 23.388056, 95.139412 22.970137))",unprocessed_interferograms_vegetation_decorrelation,UNAVAILABLE,REAL_SENTINEL1_INSAR,False
REAL-NER-003,2015-04-13 11:47:44+00:00,,,,False,S1A_IW_SLC__1SSV_20150413T114744_20150413T114811_005465_006F8F_78E8,Sentinel-1A,C-SAR,IW,VV,ASCENDING,143,5465,75,24.5647,94.3312,2424.791272163391,https://datapool.asf.alaska.edu/SLC/SA/S1A_IW_SLC__1SSV_20150413T114744_20150413T114811_005465_006F8F_78E8.zip,"POLYGON ((92.934731 25.165321, 93.282845 23.539114, 95.715126 23.955681, 95.400284 25.578823, 92.934731 25.165321))",unprocessed_interferograms_vegetation_decorrelation,UNAVAILABLE,REAL_SENTINEL1_INSAR,False
REAL-NER-003,2015-04-15 23:38:29+00:00,,,,False,S1A_IW_SLC__1SDV_20150415T233829_20150415T233856_005501_00706D_B908,Sentinel-1A,C-SAR,IW,VV+VH,DESCENDING,4,5501,507,25.4942,94.395,4642.842189788818,https://datapool.asf.alaska.edu/SLC/SA/S1A_IW_SLC__1SDV_20150415T233829_20150415T233856_005501_00706D_B908.zip,"POLYGON ((95.450951 24.469437, 95.801125 26.095766, 93.317421 26.507113, 93.00219 24.883757, 95.450951 24.469437))",unprocessed_interferograms_vegetation_decorrelation,UNAVAILABLE,REAL_SENTINEL1_INSAR,False
REAL-NER-003,2015-04-15 23:38:53+00:00,,,,False,S1A_IW_SLC__1SDV_20150415T233853_20150415T233920_005501_00706D_EC1B,Sentinel-1A,C-SAR,IW,VV+VH,DESCENDING,4,5501,512,23.9959,94.0956,4633.2552852630615,https://datapool.asf.alaska.edu/SLC/SA/S1A_IW_SLC__1SDV_20150415T233853_20150415T233920_005501_00706D_EC1B.zip,"POLYGON ((95.139412 22.969423, 95.486511 24.59631, 93.031715 25.011074, 92.716888 23.387304, 95.139412 22.969423))",unprocessed_interferograms_vegetation_decorrelation,UNAVAILABLE,REAL_SENTINEL1_INSAR,False
REAL-NER-003,2015-05-09 23:38:29+00:00,,,,False,S1A_IW_SLC__1SDV_20150509T233829_20150509T233857_005851_007880_5AA7,Sentinel-1A,C-SAR,IW,VV+VH,DESCENDING,4,5851,507,25.5233,94.3987,4830.13401222229,https://datapool.asf.alaska.edu/SLC/SA/S1A_IW_SLC__1SDV_20150509T233829_20150509T233857_005851_007880_5AA7.zip,"POLYGON ((95.44841 24.470058, 95.810921 26.153427, 93.326828 26.564518, 93.000526 24.884226, 95.44841 24.470058))",unprocessed_interferograms_vegetation_decorrelation,UNAVAILABLE,REAL_SENTINEL1_INSAR,False
REAL-NER-003,2015-05-31 11:47:47+00:00,,,,False,S1A_IW_SLC__1SSV_20150531T114747_20150531T114814_006165_008051_9F7F,Sentinel-1A,C-SAR,IW,VV,ASCENDING,143,6165,75,24.5649,94.3305,2452.203977584839,https://datapool.asf.alaska.edu/SLC/SA/S1A_IW_SLC__1SSV_20150531T114747_20150531T114814_006165_008051_9F7F.zip,"POLYGON ((92.934044 25.165596, 93.282166 23.539248, 95.714333 23.955761, 95.399483 25.579044, 92.934044 25.165596))",unprocessed_interferograms_vegetation_decorrelation,UNAVAILABLE,REAL_SENTINEL1_INSAR,False
REAL-NER-003,2015-06-02 23:38:31+00:00,,,,False,S1A_IW_SLC__1SDV_20150602T233831_20150602T233859_006201_008165_1439,Sentinel-1A,C-SAR,IW,VV+VH,DESCENDING,4,6201,507,25.524,94.3982,4846.776126861572,https://datapool.asf.alaska.edu/SLC/SA/S1A_IW_SLC__1SDV_20150602T233831_20150602T233859_006201_008165_1439.zip,"POLYGON ((95.447906 24.47073, 95.810417 26.154222, 93.326271 26.565275, 92.999977 24.884859, 95.447906 24.47073))",unprocessed_interferograms_vegetation_decorrelation,UNAVAILABLE,REAL_SENTINEL1_INSAR,False
REAL-NER-003,2015-06-02 23:38:57+00:00,,,,False,S1A_IW_SLC__1SDV_20150602T233857_20150602T233923_006201_008165_EB6E,Sentinel-1A,C-SAR,IW,VV+VH,DESCENDING,4,6201,512,23.9966,94.0949,4682.649170875549,https://datapool.asf.alaska.edu/SLC/SA/S1A_IW_SLC__1SDV_20150602T233857_20150602T233923_006201_008165_EB6E.zip,"POLYGON ((95.138802 22.969913, 95.48597 24.597158, 93.030945 25.011942, 92.716064 23.387817, 95.138802 22.969913))",unprocessed_interferograms_vegetation_decorrelation,UNAVAILABLE,REAL_SENTINEL1_INSAR,False
REAL-NER-003,2015-06-24 11:47:43+00:00,,,,False,S1A_IW_SLC__1SSV_20150624T114743_20150624T114810_006515_008A6F_B119,Sentinel-1A,C-SAR,IW,VV,ASCENDING,143,6515,74,24.2329,94.4014,2467.445474624634,https://datapool.asf.alaska.edu/SLC/SA/S1A_IW_SLC__1SSV_20150624T114743_20150624T114810_006515_008A6F_B119.zip,"POLYGON ((93.009453 24.83367, 93.356903 23.206966, 95.780937 23.623831, 95.466141 25.247433, 93.009453 24.83367))",unprocessed_interferograms_vegetation_decorrelation,UNAVAILABLE,REAL_SENTINEL1_INSAR,False
REAL-NER-003,2015-07-18 11:47:44+00:00,,,,False,S1A_IW_SLC__1SSV_20150718T114744_20150718T114811_006865_00942A_2799,Sentinel-1A,C-SAR,IW,VV,ASCENDING,143,6865,74,24.2331,94.4027,2472.594701766968,https://datapool.asf.alaska.edu/SLC/SA/S1A_IW_SLC__1SSV_20150718T114744_20150718T114811_006865_00942A_2799.zip,"POLYGON ((93.010948 24.833921, 93.358337 23.207325, 95.782188 23.624102, 95.467453 25.247597, 93.010948 24.833921))",unprocessed_interferograms_vegetation_decorrelation,UNAVAILABLE,REAL_SENTINEL1_INSAR,False
REAL-NER-003,2015-08-11 11:47:45+00:00,,,,False,S1A_IW_SLC__1SSV_20150811T114745_20150811T114812_007215_009DE4_76C9,Sentinel-1A,C-SAR,IW,VV,ASCENDING,143,7215,74,24.232,94.4023,2463.7372913360596,https://datapool.asf.alaska.edu/SLC/SA/S1A_IW_SLC__1SSV_20150811T114745_20150811T114812_007215_009DE4_76C9.zip,"POLYGON ((93.010452 24.832603, 93.357803 23.206268, 95.781754 23.623102, 95.467041 25.246338, 93.010452 24.832603))",unprocessed_interferograms_vegetation_decorrelation,UNAVAILABLE,REAL_SENTINEL1_INSAR,False
REAL-NER-003,2015-09-04 11:47:46+00:00,,,,False,S1A_IW_SLC__1SSV_20150904T114746_20150904T114813_007565_00A772_F65F,Sentinel-1A,C-SAR,IW,VV,ASCENDING,143,7565,74,24.2324,94.4018,2458.9213037490845,https://datapool.asf.alaska.edu/SLC/SA/S1A_IW_SLC__1SSV_20150904T114746_20150904T114813_007565_00A772_F65F.zip,"POLYGON ((93.009995 24.83297, 93.357368 23.206635, 95.781311 23.623491, 95.466583 25.246725, 93.009995 24.83297))",unprocessed_interferograms_vegetation_decorrelation,UNAVAILABLE,REAL_SENTINEL1_INSAR,False
REAL-NER-003,2015-09-28 11:47:47+00:00,,,,False,S1A_IW_SLC__1SSV_20150928T114747_20150928T114814_007915_00B0D4_ABEB,Sentinel-1A,C-SAR,IW,VV,ASCENDING,143,7915,74,24.2333,94.403,2463.6473121643066,https://datapool.asf.alaska.edu/SLC/SA/S1A_IW_SLC__1SSV_20150928T114747_20150928T114814_007915_00B0D4_ABEB.zip,"POLYGON ((93.011208 24.834005, 93.358528 23.207657, 95.782402 23.624426, 95.46772 25.247673, 93.011208 24.834005))",unprocessed_interferograms_vegetation_decorrelation,UNAVAILABLE,REAL_SENTINEL1_INSAR,False
REAL-NER-003,2015-10-22 11:47:47+00:00,,,,False,S1A_IW_SLC__1SSV_20151022T114747_20151022T114814_008265_00BA4E_7A06,Sentinel-1A,C-SAR,IW,VV,ASCENDING,143,8265,74,24.2325,94.4028,2464.679955482483,https://datapool.asf.alaska.edu/SLC/SA/S1A_IW_SLC__1SSV_20151022T114747_20151022T114814_008265_00BA4E_7A06.zip,"POLYGON ((93.011032 24.833157, 93.358414 23.206821, 95.782318 23.623663, 95.46759 25.246899, 93.011032 24.833157))",unprocessed_interferograms_vegetation_decorrelation,UNAVAILABLE,REAL_SENTINEL1_INSAR,False
REAL-NER-003,2015-11-15 11:48:06+00:00,,,,False,S1A_IW_SLC__1SSV_20151115T114806_20151115T114833_008615_00C3AE_8722,Sentinel-1A,C-SAR,IW,VV,ASCENDING,143,8615,78,25.3976,94.1632,2443.5756120681763,https://datapool.asf.alaska.edu/SLC/SA/S1A_IW_SLC__1SSV_20151115T114806_20151115T114833_008615_00C3AE_8722.zip,"POLYGON ((92.757828 25.998873, 93.107742 24.372845, 95.555298 24.787531, 95.240166 26.410576, 92.757828 25.998873))",unprocessed_interferograms_vegetation_decorrelation,UNAVAILABLE,REAL_SENTINEL1_INSAR,False
REAL-NER-003,2015-11-17 23:38:41+00:00,,,,False,S1A_IW_SLC__1SDV_20151117T233841_20151117T233909_008651_00C4B5_BAD3,Sentinel-1A,C-SAR,IW,VV+VH,DESCENDING,4,8651,508,25.19,94.3331,4826.619458198547,https://datapool.asf.alaska.edu/SLC/SA/S1A_IW_SLC__1SDV_20151117T233841_20151117T233909_008651_00C4B5_BAD3.zip,"POLYGON ((95.38028 24.136316, 95.742088 25.819799, 93.264175 26.231756, 92.937965 24.55138, 95.38028 24.136316))",unprocessed_interferograms_vegetation_decorrelation,UNAVAILABLE,REAL_SENTINEL1_INSAR,False
REAL-NER-003,2015-12-09 11:48:05+00:00,,,,False,S1A_IW_SLC__1SSV_20151209T114805_20151209T114833_008965_00CD91_F4B6,Sentinel-1A,C-SAR,IW,VV,ASCENDING,143,8965,78,25.4262,94.1576,2509.1110668182373,https://datapool.asf.alaska.edu/SLC/SA/S1A_IW_SLC__1SSV_20151209T114805_20151209T114833_008965_00CD91_F4B6.zip,"POLYGON ((92.745476 26.056616, 93.108017 24.372168, 95.555672 24.786837, 95.229225 26.468199, 92.745476 26.056616))",unprocessed_interferograms_vegetation_decorrelation,UNAVAILABLE,REAL_SENTINEL1_INSAR,False
REAL-NER-003,2015-12-11 23:38:41+00:00,,,,False,S1A_IW_SLC__1SDV_20151211T233841_20151211T233908_009001_00CE78_8799,Sentinel-1A,C-SAR,IW,VV+VH,DESCENDING,4,9001,508,25.1614,94.3291,4610.396463394165,https://datapool.asf.alaska.edu/SLC/SA/S1A_IW_SLC__1SDV_20151211T233841_20151211T233908_009001_00CE78_8799.zip,"POLYGON ((95.382721 24.136198, 95.732208 25.762621, 93.254089 26.1749, 92.938965 24.551481, 95.382721 24.136198))",unprocessed_interferograms_vegetation_decorrelation,UNAVAILABLE,REAL_SENTINEL1_INSAR,False
REAL-NER-003,2016-01-04 23:38:40+00:00,,,,False,S1A_IW_SLC__1SDV_20160104T233840_20160104T233907_009351_00D862_BECC,Sentinel-1A,C-SAR,IW,VV+VH,DESCENDING,4,9351,508,25.162,94.3301,4589.287671089172,https://datapool.asf.alaska.edu/SLC/SA/S1A_IW_SLC__1SDV_20160104T233840_20160104T233907_009351_00D862_BECC.zip,"POLYGON ((95.383675 24.136543, 95.733276 25.763344, 93.25528 26.175646, 92.940048 24.551849, 95.383675 24.136543))",unprocessed_interferograms_vegetation_decorrelation,UNAVAILABLE,REAL_SENTINEL1_INSAR,False
REAL-NER-003,2016-01-26 11:48:03+00:00,,,,False,S1A_IW_SLC__1SSV_20160126T114803_20160126T114831_009665_00E17B_B755,Sentinel-1A,C-SAR,IW,VV,ASCENDING,143,9665,78,25.4263,94.1581,2498.7041397094727,https://datapool.asf.alaska.edu/SLC/SA/S1A_IW_SLC__1SSV_20160126T114803_20160126T114831_009665_00E17B_B755.zip,"POLYGON ((92.745926 26.056803, 93.108505 24.372238, 95.556259 24.786959, 95.229767 26.468435, 92.745926 26.056803))",unprocessed_interferograms_vegetation_decorrelation,UNAVAILABLE,REAL_SENTINEL1_INSAR,False
REAL-NER-003,2016-01-28 23:38:39+00:00,,,,False,S1A_IW_SLC__1SDV_20160128T233839_20160128T233906_009701_00E28D_9CC0,Sentinel-1A,C-SAR,IW,VV+VH,DESCENDING,4,9701,508,25.1618,94.3309,4587.33607006073,https://datapool.asf.alaska.edu/SLC/SA/S1A_IW_SLC__1SDV_20160128T233839_20160128T233906_009701_00E28D_9CC0.zip,"POLYGON ((95.384506 24.136421, 95.734062 25.763098, 93.25602 26.175394, 92.940826 24.551723, 95.384506 24.136421))",unprocessed_interferograms_vegetation_decorrelation,UNAVAILABLE,REAL_SENTINEL1_INSAR,False
REAL-NER-003,2016-02-19 11:48:03+00:00,,,,False,S1A_IW_SLC__1SSV_20160219T114803_20160219T114831_010015_00EBB0_536A,Sentinel-1A,C-SAR,IW,VV,ASCENDING,143,10015,78,25.4266,94.1573,2505.2755947113037,https://datapool.asf.alaska.edu/SLC/SA/S1A_IW_SLC__1SSV_20160219T114803_20160219T114831_010015_00EBB0_536A.zip,"POLYGON ((92.745163 26.056942, 93.107651 24.372746, 95.555367 24.787451, 95.228958 26.468563, 92.745163 26.056942))",unprocessed_interferograms_vegetation_decorrelation,UNAVAILABLE,REAL_SENTINEL1_INSAR,False
REAL-NER-003,2016-03-14 11:48:04+00:00,,,,False,S1A_IW_SLC__1SSV_20160314T114804_20160314T114831_010365_00F5BF_4C58,Sentinel-1A,C-SAR,IW,VV,ASCENDING,143,10365,78,25.4262,94.1571,2504.421362876892,https://datapool.asf.alaska.edu/SLC/SA/S1A_IW_SLC__1SSV_20160314T114804_20160314T114831_010365_00F5BF_4C58.zip,"POLYGON ((92.744972 26.056561, 93.107521 24.372238, 95.555176 24.786985, 95.228706 26.468222, 92.744972 26.056561))",unprocessed_interferograms_vegetation_decorrelation,UNAVAILABLE,REAL_SENTINEL1_INSAR,False
REAL-NER-003,2016-03-16 23:38:39+00:00,,,,False,S1A_IW_SLC__1SDV_20160316T233839_20160316T233900_010401_00F6A5_7AE0,Sentinel-1A,C-SAR,IW,VV+VH,DESCENDING,4,10401,508,25.3538,94.3646,3426.964729309082,https://datapool.asf.alaska.edu/SLC/SA/S1A_IW_SLC__1SDV_20160316T233839_20160316T233900_010401_00F6A5_7AE0.zip,"POLYGON ((95.456566 24.520819, 95.724098 25.764696, 93.25441 26.175539, 93.013329 24.933945, 95.456566 24.520819))",unprocessed_interferograms_vegetation_decorrelation,UNAVAILABLE,REAL_SENTINEL1_INSAR,False
REAL-NER-003,2016-04-07 11:48:04+00:00,,,,False,S1A_IW_SLC__1SSV_20160407T114804_20160407T114832_010715_00FFB9_6690,Sentinel-1A,C-SAR,IW,VV,ASCENDING,143,10715,78,25.4254,94.1577,2515.6825771331787,https://datapool.asf.alaska.edu/SLC/SA/S1A_IW_SLC__1SSV_20160407T114804_20160407T114832_010715_00FFB9_6690.zip,"POLYGON ((92.745735 26.055798, 93.108215 24.371454, 95.555687 24.786108, 95.229279 26.467361, 92.745735 26.055798))",unprocessed_interferograms_vegetation_decorrelation,UNAVAILABLE,REAL_SENTINEL1_INSAR,False
REAL-NER-003,2016-04-09 23:38:40+00:00,,,,False,S1A_IW_SLC__1SDV_20160409T233840_20160409T233907_010751_0100D6_FE1B,Sentinel-1A,C-SAR,IW,VV+VH,DESCENDING,4,10751,508,25.1618,94.3292,4631.1663455963135,https://datapool.asf.alaska.edu/SLC/SA/S1A_IW_SLC__1SDV_20160409T233840_20160409T233907_010751_0100D6_FE1B.zip,"POLYGON ((95.382751 24.136541, 95.732224 25.762991, 93.25441 26.175251, 92.939278 24.551809, 95.382751 24.136541))",unprocessed_interferograms_vegetation_decorrelation,UNAVAILABLE,REAL_SENTINEL1_INSAR,False
REAL-NER-003,2016-05-01 11:48:05+00:00,,,,False,S1A_IW_SLC__1SSV_20160501T114805_20160501T114833_011065_010A84_8027,Sentinel-1A,C-SAR,IW,VV,ASCENDING,143,11065,78,25.4251,94.1577,2518.8285722732544,https://datapool.asf.alaska.edu/SLC/SA/S1A_IW_SLC__1SSV_20160501T114805_20160501T114833_011065_010A84_8027.zip,"POLYGON ((92.745697 26.05554, 93.1082 24.371202, 95.555717 24.785894, 95.229279 26.467142, 92.745697 26.05554))",unprocessed_interferograms_vegetation_decorrelation,UNAVAILABLE,REAL_SENTINEL1_INSAR,False
REAL-NER-003,2016-05-03 23:38:41+00:00,,,,False,S1A_IW_SLC__1SDV_20160503T233841_20160503T233908_011101_010BAE_0B75,Sentinel-1A,C-SAR,IW,VV+VH,DESCENDING,4,11101,508,25.1621,94.3291,4660.566355705261,https://datapool.asf.alaska.edu/SLC/SA/S1A_IW_SLC__1SDV_20160503T233841_20160503T233908_011101_010BAE_0B75.zip,"POLYGON ((95.382545 24.136765, 95.732048 25.763468, 93.254272 26.175674, 92.939125 24.551977, 95.382545 24.136765))",unprocessed_interferograms_vegetation_decorrelation,UNAVAILABLE,REAL_SENTINEL1_INSAR,False
REAL-NER-003,2016-05-25 11:48:07+00:00,,,,False,S1A_IW_SLC__1SSV_20160525T114807_20160525T114834_011415_0115C8_F595,Sentinel-1A,C-SAR,IW,VV,ASCENDING,143,11415,78,25.4256,94.1582,2535.5403356552124,https://datapool.asf.alaska.edu/SLC/SA/S1A_IW_SLC__1SSV_20160525T114807_20160525T114834_011415_0115C8_F595.zip,"POLYGON ((92.746132 26.05595, 93.10862 24.371613, 95.556175 24.786289, 95.229759 26.467539, 92.746132 26.05595))",unprocessed_interferograms_vegetation_decorrelation,UNAVAILABLE,REAL_SENTINEL1_INSAR,False
REAL-NER-003,2016-05-27 23:38:45+00:00,,,,False,S1A_IW_SLC__1SDV_20160527T233845_20160527T233912_011451_011704_7663,Sentinel-1A,C-SAR,IW,VV+VH,DESCENDING,4,11451,509,24.9956,94.2987,4677.412138938904,https://datapool.asf.alaska.edu/SLC/SA/S1A_IW_SLC__1SDV_20160527T233845_20160527T233912_011451_011704_7663.zip,"POLYGON ((95.351372 23.970034, 95.700531 25.59655, 93.224861 26.009413, 92.909752 24.38592, 95.351372 23.970034))",unprocessed_interferograms_vegetation_decorrelation,UNAVAILABLE,REAL_SENTINEL1_INSAR,False
REAL-NER-003,2016-07-14 23:38:48+00:00,,,,False,S1A_IW_SLC__1SDV_20160714T233848_20160714T233915_012151_012D55_8D2C,Sentinel-1A,C-SAR,IW,VV+VH,DESCENDING,4,12151,509,24.9942,94.299,4697.580708503723,https://datapool.asf.alaska.edu/SLC/SA/S1A_IW_SLC__1SDV_20160714T233848_20160714T233915_012151_012D55_8D2C.zip,"POLYGON ((95.351768 23.968634, 95.700928 25.595142, 93.225151 26.008036, 92.910049 24.38455, 95.351768 23.968634))",unprocessed_interferograms_vegetation_decorrelation,UNAVAILABLE,REAL_SENTINEL1_INSAR,False
REAL-NER-003,2016-08-05 11:48:11+00:00,,,,False,S1A_IW_SLC__1SSV_20160805T114811_20160805T114839_012465_0137A7_C760,Sentinel-1A,C-SAR,IW,VV,ASCENDING,143,12465,78,25.4262,94.1574,2534.113063812256,https://datapool.asf.alaska.edu/SLC/SA/S1A_IW_SLC__1SSV_20160805T114811_20160805T114839_012465_0137A7_C760.zip,"POLYGON ((92.745399 26.056541, 93.107849 24.372326, 95.555412 24.786983, 95.229027 26.468111, 92.745399 26.056541))",unprocessed_interferograms_vegetation_decorrelation,UNAVAILABLE,REAL_SENTINEL1_INSAR,False
REAL-NER-003,2016-08-07 23:38:50+00:00,,,,False,S1A_IW_SLC__1SDV_20160807T233850_20160807T233916_012501_0138E3_EF6A,Sentinel-1A,C-SAR,IW,VV+VH,DESCENDING,4,12501,509,24.9944,94.298,4698.652220726013,https://datapool.asf.alaska.edu/SLC/SA/S1A_IW_SLC__1SDV_20160807T233850_20160807T233916_012501_0138E3_EF6A.zip,"POLYGON ((95.350647 23.968729, 95.699852 25.595497, 93.224243 26.008345, 92.909096 24.3846, 95.350647 23.968729))",unprocessed_interferograms_vegetation_decorrelation,UNAVAILABLE,REAL_SENTINEL1_INSAR,False
REAL-NER-003,2016-08-29 11:48:12+00:00,,,,False,S1A_IW_SLC__1SSV_20160829T114812_20160829T114840_012815_014353_6005,Sentinel-1A,C-SAR,IW,VV,ASCENDING,143,12815,78,25.427,94.1582,2532.4509620666504,https://datapool.asf.alaska.edu/SLC/SA/S1A_IW_SLC__1SSV_20160829T114812_20160829T114840_012815_014353_6005.zip,"POLYGON ((92.746185 26.057272, 93.108635 24.37318, 95.556145 24.787855, 95.229759 26.468859, 92.746185 26.057272))",unprocessed_interferograms_vegetation_decorrelation,UNAVAILABLE,REAL_SENTINEL1_INSAR,False
REAL-NER-003,2016-08-31 23:38:50+00:00,,,,False,S1A_IW_SLC__1SDV_20160831T233850_20160831T233917_012851_014496_C822,Sentinel-1A,C-SAR,IW,VV+VH,DESCENDING,4,12851,509,24.9931,94.2993,4699.849338531494,https://datapool.asf.alaska.edu/SLC/SA/S1A_IW_SLC__1SDV_20160831T233850_20160831T233917_012851_014496_C822.zip,"POLYGON ((95.352013 23.967569, 95.701134 25.59408, 93.225388 26.00692, 92.910324 24.383432, 95.352013 23.967569))",unprocessed_interferograms_vegetation_decorrelation,UNAVAILABLE,REAL_SENTINEL1_INSAR,False
REAL-NER-003,2016-09-22 11:48:13+00:00,,,,False,S1A_IW_SLC__1SSV_20160922T114813_20160922T114840_013165_014ECB_922D,Sentinel-1A,C-SAR,IW,VV,ASCENDING,143,13165,78,25.3988,94.1628,2437.4537897109985,https://datapool.asf.alaska.edu/SLC/SA/S1A_IW_SLC__1SSV_20160922T114813_20160922T114840_013165_014ECB_922D.zip,"POLYGON ((92.75753 25.99999, 93.107437 24.373951, 95.55497 24.788639, 95.23983 26.411695, 92.75753 25.99999))",unprocessed_interferograms_vegetation_decorrelation,UNAVAILABLE,REAL_SENTINEL1_INSAR,False
REAL-NER-003,2016-09-24 23:38:52+00:00,,,,False,S1A_IW_SLC__1SDV_20160924T233852_20160924T233918_013201_015002_FA07,Sentinel-1A,C-SAR,IW,VV+VH,DESCENDING,4,13201,509,24.9937,94.2982,4686.721655845642,https://datapool.asf.alaska.edu/SLC/SA/S1A_IW_SLC__1SDV_20160924T233852_20160924T233918_013201_015002_FA07.zip,"POLYGON ((95.350906 23.967978, 95.700134 25.594727, 93.224297 26.007637, 92.909134 24.383911, 95.350906 23.967978))",unprocessed_interferograms_vegetation_decorrelation,UNAVAILABLE,REAL_SENTINEL1_INSAR,False
REAL-NER-004,2015-01-07 11:48:09+00:00,,,,False,S1A_IW_SLC__1SSV_20150107T114809_20150107T114837_004065_004E8B_FFB5,Sentinel-1A,C-SAR,IW,VV,ASCENDING,143,4065,80,26.0904,94.0114,2500.623936653137,https://datapool.asf.alaska.edu/SLC/SA/S1A_IW_SLC__1SSV_20150107T114809_20150107T114837_004065_004E8B_FFB5.zip,"POLYGON ((92.58876 26.720512, 92.953033 25.036562, 95.419518 25.450998, 95.092697 27.131943, 92.58876 26.720512))",unprocessed_interferograms_vegetation_decorrelation,UNAVAILABLE,REAL_SENTINEL1_INSAR,False
REAL-NER-004,2015-01-31 11:48:09+00:00,,,,False,S1A_IW_SLC__1SSV_20150131T114809_20150131T114836_004415_005656_6E86,Sentinel-1A,C-SAR,IW,VV,ASCENDING,143,4415,80,26.0901,94.0113,2492.232978820801,https://datapool.asf.alaska.edu/SLC/SA/S1A_IW_SLC__1SSV_20150131T114809_20150131T114836_004415_005656_6E86.zip,"POLYGON ((92.5886 26.72032, 92.952934 25.036125, 95.419464 25.450579, 95.09259 27.131765, 92.5886 26.72032))",unprocessed_interferograms_vegetation_decorrelation,UNAVAILABLE,REAL_SENTINEL1_INSAR,False
REAL-NER-004,2015-02-14 23:38:28+00:00,,,,False,S1A_IW_SLC__1SDV_20150214T233828_20150214T233854_004626_005B3C_EB95,Sentinel-1A,C-SAR,IW,VV+VH,DESCENDING,4,4626,507,25.4938,94.3957,4604.296143531799,https://datapool.asf.alaska.edu/SLC/SA/S1A_IW_SLC__1SDV_20150214T233828_20150214T233854_004626_005B3C_EB95.zip,"POLYGON ((95.451736 24.468954, 95.801933 26.095266, 93.318001 26.506683, 93.002747 24.883345, 95.451736 24.468954))",unprocessed_interferograms_vegetation_decorrelation,UNAVAILABLE,REAL_SENTINEL1_INSAR,False
REAL-NER-004,2015-02-24 11:48:08+00:00,,,,False,S1A_IW_SLC__1SSV_20150224T114808_20150224T114836_004765_005E89_79F3,Sentinel-1A,C-SAR,IW,VV,ASCENDING,143,4765,80,26.0901,94.0115,2499.095230102539,https://datapool.asf.alaska.edu/SLC/SA/S1A_IW_SLC__1SSV_20150224T114808_20150224T114836_004765_005E89_79F3.zip,"POLYGON ((92.588806 26.720175, 92.953117 25.036236, 95.419701 25.450756, 95.092842 27.131689, 92.588806 26.720175))",unprocessed_interferograms_vegetation_decorrelation,UNAVAILABLE,REAL_SENTINEL1_INSAR,False
REAL-NER-004,2015-02-26 23:38:27+00:00,,,,False,S1A_IW_SLC__1SDV_20150226T233827_20150226T233854_004801_005F7E_271E,Sentinel-1A,C-SAR,IW,VV+VH,DESCENDING,4,4801,507,25.493,94.3965,4648.731819152832,https://datapool.asf.alaska.edu/SLC/SA/S1A_IW_SLC__1SDV_20150226T233827_20150226T233854_004801_005F7E_271E.zip,"POLYGON ((95.452469 24.468237, 95.802658 26.094419, 93.318779 26.505863, 93.003525 24.882652, 95.452469 24.468237))",unprocessed_interferograms_vegetation_decorrelation,UNAVAILABLE,REAL_SENTINEL1_INSAR,False
REAL-NER-004,2015-03-20 11:48:09+00:00,,,,False,S1A_IW_SLC__1SSV_20150320T114809_20150320T114837_005115_0066FA_1203,Sentinel-1A,C-SAR,IW,VV,ASCENDING,143,5115,80,26.0893,94.0113,2492.6489973068237,https://datapool.asf.alaska.edu/SLC/SA/S1A_IW_SLC__1SSV_20150320T114809_20150320T114837_005115_0066FA_1203.zip,"POLYGON ((92.588524 26.719589, 92.952866 25.035278, 95.41954 25.449755, 95.092659 27.131056, 92.588524 26.719589))",unprocessed_interferograms_vegetation_decorrelation,UNAVAILABLE,REAL_SENTINEL1_INSAR,False
REAL-NER-004,2015-03-22 23:38:28+00:00,,,,False,S1A_IW_SLC__1SDV_20150322T233828_20150322T233855_005151_0067E7_23E4,Sentinel-1A,C-SAR,IW,VV+VH,DESCENDING,4,5151,507,25.4951,94.395,4632.399605751038,https://datapool.asf.alaska.edu/SLC/SA/S1A_IW_SLC__1SDV_20150322T233828_20150322T233855_005151_0067E7_23E4.zip,"POLYGON ((95.450981 24.470266, 95.801163 26.096584, 93.317299 26.507967, 93.002052 24.884623, 95.450981 24.470266))",unprocessed_interferograms_vegetation_decorrelation,UNAVAILABLE,REAL_SENTINEL1_INSAR,False
REAL-NER-004,2015-04-13 11:48:09+00:00,,,,False,S1A_IW_SLC__1SSV_20150413T114809_20150413T114837_005465_006F8F_3E23,Sentinel-1A,C-SAR,IW,VV,ASCENDING,143,5465,80,26.0896,94.0114,2506.1911191940308,https://datapool.asf.alaska.edu/SLC/SA/S1A_IW_SLC__1SSV_20150413T114809_20150413T114837_005465_006F8F_3E23.zip,"POLYGON ((92.588608 26.719568, 92.952866 25.035761, 95.419632 25.450293, 95.092819 27.13109, 92.588608 26.719568))",unprocessed_interferograms_vegetation_decorrelation,UNAVAILABLE,REAL_SENTINEL1_INSAR,False
REAL-NER-004,2015-04-15 23:38:29+00:00,,,,False,S1A_IW_SLC__1SDV_20150415T233829_20150415T233856_005501_00706D_B908,Sentinel-1A,C-SAR,IW,VV+VH,DESCENDING,4,5501,507,25.4942,94.395,4642.842189788818,https://datapool.asf.alaska.edu/SLC/SA/S1A_IW_SLC__1SDV_20150415T233829_20150415T233856_005501_00706D_B908.zip,"POLYGON ((95.450951 24.469437, 95.801125 26.095766, 93.317421 26.507113, 93.00219 24.883757, 95.450951 24.469437))",unprocessed_interferograms_vegetation_decorrelation,UNAVAILABLE,REAL_SENTINEL1_INSAR,False
REAL-NER-004,2015-05-07 11:48:11+00:00,,,,False,S1A_IW_SLC__1SSV_20150507T114811_20150507T114838_005815_0077A5_8F6E,Sentinel-1A,C-SAR,IW,VV,ASCENDING,143,5815,80,26.0605,94.0173,2445.213526725769,https://datapool.asf.alaska.edu/SLC/SA/S1A_IW_SLC__1SSV_20150507T114811_20150507T114838_005815_0077A5_8F6E.zip,"POLYGON ((92.601219 26.66148, 92.95285 25.035704, 95.419571 25.450199, 95.104042 27.073069, 92.601219 26.66148))",unprocessed_interferograms_vegetation_decorrelation,UNAVAILABLE,REAL_SENTINEL1_INSAR,False
REAL-NER-004,2015-05-09 23:38:29+00:00,,,,False,S1A_IW_SLC__1SDV_20150509T233829_20150509T233857_005851_007880_5AA7,Sentinel-1A,C-SAR,IW,VV+VH,DESCENDING,4,5851,507,25.5233,94.3987,4830.13401222229,https://datapool.asf.alaska.edu/SLC/SA/S1A_IW_SLC__1SDV_20150509T233829_20150509T233857_005851_007880_5AA7.zip,"POLYGON ((95.44841 24.470058, 95.810921 26.153427, 93.326828 26.564518, 93.000526 24.884226, 95.44841 24.470058))",unprocessed_interferograms_vegetation_decorrelation,UNAVAILABLE,REAL_SENTINEL1_INSAR,False
REAL-NER-004,2015-05-31 11:48:12+00:00,,,,False,S1A_IW_SLC__1SSV_20150531T114812_20150531T114839_006165_008051_0154,Sentinel-1A,C-SAR,IW,VV,ASCENDING,143,6165,80,26.0608,94.0165,2453.905484199524,https://datapool.asf.alaska.edu/SLC/SA/S1A_IW_SLC__1SSV_20150531T114812_20150531T114839_006165_008051_0154.zip,"POLYGON ((92.600494 26.661678, 92.952057 25.036142, 95.418755 25.450628, 95.103294 27.073257, 92.600494 26.661678))",unprocessed_interferograms_vegetation_decorrelation,UNAVAILABLE,REAL_SENTINEL1_INSAR,False
REAL-NER-004,2015-06-02 23:38:31+00:00,,,,False,S1A_IW_SLC__1SDV_20150602T233831_20150602T233859_006201_008165_1439,Sentinel-1A,C-SAR,IW,VV+VH,DESCENDING,4,6201,507,25.524,94.3982,4846.776126861572,https://datapool.asf.alaska.edu/SLC/SA/S1A_IW_SLC__1SDV_20150602T233831_20150602T233859_006201_008165_1439.zip,"POLYGON ((95.447906 24.47073, 95.810417 26.154222, 93.326271 26.565275, 92.999977 24.884859, 95.447906 24.47073))",unprocessed_interferograms_vegetation_decorrelation,UNAVAILABLE,REAL_SENTINEL1_INSAR,False
REAL-NER-004,2015-06-24 11:48:08+00:00,,,,False,S1A_IW_SLC__1SSV_20150624T114808_20150624T114835_006515_008A6F_087B,Sentinel-1A,C-SAR,IW,VV,ASCENDING,143,6515,79,25.7287,94.0855,2466.467499732971,https://datapool.asf.alaska.edu/SLC/SA/S1A_IW_SLC__1SSV_20150624T114808_20150624T114835_006515_008A6F_087B.zip,"POLYGON ((92.673813 26.329746, 93.024696 24.703596, 95.483803 25.118626, 95.168388 26.741833, 92.673813 26.329746))",unprocessed_interferograms_vegetation_decorrelation,UNAVAILABLE,REAL_SENTINEL1_INSAR,False
REAL-NER-004,2015-07-18 11:48:09+00:00,,,,False,S1A_IW_SLC__1SSV_20150718T114809_20150718T114835_006865_00942A_E5D2,Sentinel-1A,C-SAR,IW,VV,ASCENDING,143,6865,79,25.729,94.087,2466.0657835006714,https://datapool.asf.alaska.edu/SLC/SA/S1A_IW_SLC__1SSV_20150718T114809_20150718T114835_006865_00942A_E5D2.zip,"POLYGON ((92.675453 26.329901, 93.026237 24.703981, 95.485161 25.118923, 95.16983 26.741898, 92.675453 26.329901))",unprocessed_interferograms_vegetation_decorrelation,UNAVAILABLE,REAL_SENTINEL1_INSAR,False
REAL-NER-004,2015-08-11 11:48:10+00:00,,,,False,S1A_IW_SLC__1SSV_20150811T114810_20150811T114837_007215_009DE4_7225,Sentinel-1A,C-SAR,IW,VV,ASCENDING,143,7215,79,25.7276,94.0866,2462.589550971985,https://datapool.asf.alaska.edu/SLC/SA/S1A_IW_SLC__1SSV_20150811T114810_20150811T114837_007215_009DE4_7225.zip,"POLYGON ((92.674927 26.328571, 93.025764 24.702541, 95.484779 25.11754, 95.169395 26.740629, 92.674927 26.328571))",unprocessed_interferograms_vegetation_decorrelation,UNAVAILABLE,REAL_SENTINEL1_INSAR,False
REAL-NER-004,2015-09-04 11:48:11+00:00,,,,False,S1A_IW_SLC__1SSV_20150904T114811_20150904T114838_007565_00A772_3202,Sentinel-1A,C-SAR,IW,VV,ASCENDING,143,7565,79,25.728,94.0861,2464.5458030700684,https://datapool.asf.alaska.edu/SLC/SA/S1A_IW_SLC__1SSV_20150904T114811_20150904T114838_007565_00A772_3202.zip,"POLYGON ((92.674492 26.328814, 93.025291 24.70303, 95.484299 25.118053, 95.168953 26.740892, 92.674492 26.328814))",unprocessed_interferograms_vegetation_decorrelation,UNAVAILABLE,REAL_SENTINEL1_INSAR,False
REAL-NER-004,2015-09-28 11:48:12+00:00,,,,False,S1A_IW_SLC__1SSV_20150928T114812_20150928T114839_007915_00B0D4_FDCF,Sentinel-1A,C-SAR,IW,VV,ASCENDING,143,7915,79,25.7289,94.0873,2461.437213897705,https://datapool.asf.alaska.edu/SLC/SA/S1A_IW_SLC__1SSV_20150928T114812_20150928T114839_007915_00B0D4_FDCF.zip,"POLYGON ((92.675781 26.329739, 93.026505 24.704067, 95.485435 25.118999, 95.170166 26.741728, 92.675781 26.329739))",unprocessed_interferograms_vegetation_decorrelation,UNAVAILABLE,REAL_SENTINEL1_INSAR,False
REAL-NER-004,2015-10-22 11:48:12+00:00,,,,False,S1A_IW_SLC__1SSV_20151022T114812_20151022T114839_008265_00BA4E_183F,Sentinel-1A,C-SAR,IW,VV,ASCENDING,143,8265,79,25.7283,94.0871,2460.1383123397827,https://datapool.asf.alaska.edu/SLC/SA/S1A_IW_SLC__1SSV_20151022T114812_20151022T114839_008265_00BA4E_183F.zip,"POLYGON ((92.67543 26.329372, 93.026321 24.703218, 95.485298 25.118225, 95.169876 26.741438, 92.67543 26.329372))",unprocessed_interferograms_vegetation_decorrelation,UNAVAILABLE,REAL_SENTINEL1_INSAR,False
REAL-NER-004,2015-11-15 11:48:06+00:00,,,,False,S1A_IW_SLC__1SSV_20151115T114806_20151115T114833_008615_00C3AE_8722,Sentinel-1A,C-SAR,IW,VV,ASCENDING,143,8615,78,25.3976,94.1632,2443.5756120681763,https://datapool.asf.alaska.edu/SLC/SA/S1A_IW_SLC__1SSV_20151115T114806_20151115T114833_008615_00C3AE_8722.zip,"POLYGON ((92.757828 25.998873, 93.107742 24.372845, 95.555298 24.787531, 95.240166 26.410576, 92.757828 25.998873))",unprocessed_interferograms_vegetation_decorrelation,UNAVAILABLE,REAL_SENTINEL1_INSAR,False
REAL-NER-004,2015-11-17 23:38:41+00:00,,,,False,S1A_IW_SLC__1SDV_20151117T233841_20151117T233909_008651_00C4B5_BAD3,Sentinel-1A,C-SAR,IW,VV+VH,DESCENDING,4,8651,508,25.19,94.3331,4826.619458198547,https://datapool.asf.alaska.edu/SLC/SA/S1A_IW_SLC__1SDV_20151117T233841_20151117T233909_008651_00C4B5_BAD3.zip,"POLYGON ((95.38028 24.136316, 95.742088 25.819799, 93.264175 26.231756, 92.937965 24.55138, 95.38028 24.136316))",unprocessed_interferograms_vegetation_decorrelation,UNAVAILABLE,REAL_SENTINEL1_INSAR,False
REAL-NER-004,2015-12-09 11:48:05+00:00,,,,False,S1A_IW_SLC__1SSV_20151209T114805_20151209T114833_008965_00CD91_F4B6,Sentinel-1A,C-SAR,IW,VV,ASCENDING,143,8965,78,25.4262,94.1576,2509.1110668182373,https://datapool.asf.alaska.edu/SLC/SA/S1A_IW_SLC__1SSV_20151209T114805_20151209T114833_008965_00CD91_F4B6.zip,"POLYGON ((92.745476 26.056616, 93.108017 24.372168, 95.555672 24.786837, 95.229225 26.468199, 92.745476 26.056616))",unprocessed_interferograms_vegetation_decorrelation,UNAVAILABLE,REAL_SENTINEL1_INSAR,False
REAL-NER-004,2015-12-11 23:38:41+00:00,,,,False,S1A_IW_SLC__1SDV_20151211T233841_20151211T233908_009001_00CE78_8799,Sentinel-1A,C-SAR,IW,VV+VH,DESCENDING,4,9001,508,25.1614,94.3291,4610.396463394165,https://datapool.asf.alaska.edu/SLC/SA/S1A_IW_SLC__1SDV_20151211T233841_20151211T233908_009001_00CE78_8799.zip,"POLYGON ((95.382721 24.136198, 95.732208 25.762621, 93.254089 26.1749, 92.938965 24.551481, 95.382721 24.136198))",unprocessed_interferograms_vegetation_decorrelation,UNAVAILABLE,REAL_SENTINEL1_INSAR,False
REAL-NER-004,2016-01-04 23:38:40+00:00,,,,False,S1A_IW_SLC__1SDV_20160104T233840_20160104T233907_009351_00D862_BECC,Sentinel-1A,C-SAR,IW,VV+VH,DESCENDING,4,9351,508,25.162,94.3301,4589.287671089172,https://datapool.asf.alaska.edu/SLC/SA/S1A_IW_SLC__1SDV_20160104T233840_20160104T233907_009351_00D862_BECC.zip,"POLYGON ((95.383675 24.136543, 95.733276 25.763344, 93.25528 26.175646, 92.940048 24.551849, 95.383675 24.136543))",unprocessed_interferograms_vegetation_decorrelation,UNAVAILABLE,REAL_SENTINEL1_INSAR,False
REAL-NER-004,2016-01-26 11:48:03+00:00,,,,False,S1A_IW_SLC__1SSV_20160126T114803_20160126T114831_009665_00E17B_B755,Sentinel-1A,C-SAR,IW,VV,ASCENDING,143,9665,78,25.4263,94.1581,2498.7041397094727,https://datapool.asf.alaska.edu/SLC/SA/S1A_IW_SLC__1SSV_20160126T114803_20160126T114831_009665_00E17B_B755.zip,"POLYGON ((92.745926 26.056803, 93.108505 24.372238, 95.556259 24.786959, 95.229767 26.468435, 92.745926 26.056803))",unprocessed_interferograms_vegetation_decorrelation,UNAVAILABLE,REAL_SENTINEL1_INSAR,False
REAL-NER-004,2016-01-28 23:38:39+00:00,,,,False,S1A_IW_SLC__1SDV_20160128T233839_20160128T233906_009701_00E28D_9CC0,Sentinel-1A,C-SAR,IW,VV+VH,DESCENDING,4,9701,508,25.1618,94.3309,4587.33607006073,https://datapool.asf.alaska.edu/SLC/SA/S1A_IW_SLC__1SDV_20160128T233839_20160128T233906_009701_00E28D_9CC0.zip,"POLYGON ((95.384506 24.136421, 95.734062 25.763098, 93.25602 26.175394, 92.940826 24.551723, 95.384506 24.136421))",unprocessed_interferograms_vegetation_decorrelation,UNAVAILABLE,REAL_SENTINEL1_INSAR,False
REAL-NER-004,2016-02-19 11:48:03+00:00,,,,False,S1A_IW_SLC__1SSV_20160219T114803_20160219T114831_010015_00EBB0_536A,Sentinel-1A,C-SAR,IW,VV,ASCENDING,143,10015,78,25.4266,94.1573,2505.2755947113037,https://datapool.asf.alaska.edu/SLC/SA/S1A_IW_SLC__1SSV_20160219T114803_20160219T114831_010015_00EBB0_536A.zip,"POLYGON ((92.745163 26.056942, 93.107651 24.372746, 95.555367 24.787451, 95.228958 26.468563, 92.745163 26.056942))",unprocessed_interferograms_vegetation_decorrelation,UNAVAILABLE,REAL_SENTINEL1_INSAR,False
REAL-NER-004,2016-03-14 11:48:04+00:00,,,,False,S1A_IW_SLC__1SSV_20160314T114804_20160314T114831_010365_00F5BF_4C58,Sentinel-1A,C-SAR,IW,VV,ASCENDING,143,10365,78,25.4262,94.1571,2504.421362876892,https://datapool.asf.alaska.edu/SLC/SA/S1A_IW_SLC__1SSV_20160314T114804_20160314T114831_010365_00F5BF_4C58.zip,"POLYGON ((92.744972 26.056561, 93.107521 24.372238, 95.555176 24.786985, 95.228706 26.468222, 92.744972 26.056561))",unprocessed_interferograms_vegetation_decorrelation,UNAVAILABLE,REAL_SENTINEL1_INSAR,False
REAL-NER-004,2016-03-16 23:38:39+00:00,,,,False,S1A_IW_SLC__1SDV_20160316T233839_20160316T233900_010401_00F6A5_7AE0,Sentinel-1A,C-SAR,IW,VV+VH,DESCENDING,4,10401,508,25.3538,94.3646,3426.964729309082,https://datapool.asf.alaska.edu/SLC/SA/S1A_IW_SLC__1SDV_20160316T233839_20160316T233900_010401_00F6A5_7AE0.zip,"POLYGON ((95.456566 24.520819, 95.724098 25.764696, 93.25441 26.175539, 93.013329 24.933945, 95.456566 24.520819))",unprocessed_interferograms_vegetation_decorrelation,UNAVAILABLE,REAL_SENTINEL1_INSAR,False
REAL-NER-004,2016-04-07 11:48:04+00:00,,,,False,S1A_IW_SLC__1SSV_20160407T114804_20160407T114832_010715_00FFB9_6690,Sentinel-1A,C-SAR,IW,VV,ASCENDING,143,10715,78,25.4254,94.1577,2515.6825771331787,https://datapool.asf.alaska.edu/SLC/SA/S1A_IW_SLC__1SSV_20160407T114804_20160407T114832_010715_00FFB9_6690.zip,"POLYGON ((92.745735 26.055798, 93.108215 24.371454, 95.555687 24.786108, 95.229279 26.467361, 92.745735 26.055798))",unprocessed_interferograms_vegetation_decorrelation,UNAVAILABLE,REAL_SENTINEL1_INSAR,False
REAL-NER-004,2016-04-09 23:38:40+00:00,,,,False,S1A_IW_SLC__1SDV_20160409T233840_20160409T233907_010751_0100D6_FE1B,Sentinel-1A,C-SAR,IW,VV+VH,DESCENDING,4,10751,508,25.1618,94.3292,4631.1663455963135,https://datapool.asf.alaska.edu/SLC/SA/S1A_IW_SLC__1SDV_20160409T233840_20160409T233907_010751_0100D6_FE1B.zip,"POLYGON ((95.382751 24.136541, 95.732224 25.762991, 93.25441 26.175251, 92.939278 24.551809, 95.382751 24.136541))",unprocessed_interferograms_vegetation_decorrelation,UNAVAILABLE,REAL_SENTINEL1_INSAR,False
REAL-NER-004,2016-05-01 11:48:05+00:00,,,,False,S1A_IW_SLC__1SSV_20160501T114805_20160501T114833_011065_010A84_8027,Sentinel-1A,C-SAR,IW,VV,ASCENDING,143,11065,78,25.4251,94.1577,2518.8285722732544,https://datapool.asf.alaska.edu/SLC/SA/S1A_IW_SLC__1SSV_20160501T114805_20160501T114833_011065_010A84_8027.zip,"POLYGON ((92.745697 26.05554, 93.1082 24.371202, 95.555717 24.785894, 95.229279 26.467142, 92.745697 26.05554))",unprocessed_interferograms_vegetation_decorrelation,UNAVAILABLE,REAL_SENTINEL1_INSAR,False
REAL-NER-004,2016-05-03 23:38:41+00:00,,,,False,S1A_IW_SLC__1SDV_20160503T233841_20160503T233908_011101_010BAE_0B75,Sentinel-1A,C-SAR,IW,VV+VH,DESCENDING,4,11101,508,25.1621,94.3291,4660.566355705261,https://datapool.asf.alaska.edu/SLC/SA/S1A_IW_SLC__1SDV_20160503T233841_20160503T233908_011101_010BAE_0B75.zip,"POLYGON ((95.382545 24.136765, 95.732048 25.763468, 93.254272 26.175674, 92.939125 24.551977, 95.382545 24.136765))",unprocessed_interferograms_vegetation_decorrelation,UNAVAILABLE,REAL_SENTINEL1_INSAR,False
REAL-NER-004,2016-05-25 11:48:07+00:00,,,,False,S1A_IW_SLC__1SSV_20160525T114807_20160525T114834_011415_0115C8_F595,Sentinel-1A,C-SAR,IW,VV,ASCENDING,143,11415,78,25.4256,94.1582,2535.5403356552124,https://datapool.asf.alaska.edu/SLC/SA/S1A_IW_SLC__1SSV_20160525T114807_20160525T114834_011415_0115C8_F595.zip,"POLYGON ((92.746132 26.05595, 93.10862 24.371613, 95.556175 24.786289, 95.229759 26.467539, 92.746132 26.05595))",unprocessed_interferograms_vegetation_decorrelation,UNAVAILABLE,REAL_SENTINEL1_INSAR,False
REAL-NER-004,2016-05-27 23:38:45+00:00,,,,False,S1A_IW_SLC__1SDV_20160527T233845_20160527T233912_011451_011704_7663,Sentinel-1A,C-SAR,IW,VV+VH,DESCENDING,4,11451,509,24.9956,94.2987,4677.412138938904,https://datapool.asf.alaska.edu/SLC/SA/S1A_IW_SLC__1SDV_20160527T233845_20160527T233912_011451_011704_7663.zip,"POLYGON ((95.351372 23.970034, 95.700531 25.59655, 93.224861 26.009413, 92.909752 24.38592, 95.351372 23.970034))",unprocessed_interferograms_vegetation_decorrelation,UNAVAILABLE,REAL_SENTINEL1_INSAR,False
REAL-NER-004,2016-07-14 23:38:48+00:00,,,,False,S1A_IW_SLC__1SDV_20160714T233848_20160714T233915_012151_012D55_8D2C,Sentinel-1A,C-SAR,IW,VV+VH,DESCENDING,4,12151,509,24.9942,94.299,4697.580708503723,https://datapool.asf.alaska.edu/SLC/SA/S1A_IW_SLC__1SDV_20160714T233848_20160714T233915_012151_012D55_8D2C.zip,"POLYGON ((95.351768 23.968634, 95.700928 25.595142, 93.225151 26.008036, 92.910049 24.38455, 95.351768 23.968634))",unprocessed_interferograms_vegetation_decorrelation,UNAVAILABLE,REAL_SENTINEL1_INSAR,False
REAL-NER-004,2016-08-05 11:48:11+00:00,,,,False,S1A_IW_SLC__1SSV_20160805T114811_20160805T114839_012465_0137A7_C760,Sentinel-1A,C-SAR,IW,VV,ASCENDING,143,12465,78,25.4262,94.1574,2534.113063812256,https://datapool.asf.alaska.edu/SLC/SA/S1A_IW_SLC__1SSV_20160805T114811_20160805T114839_012465_0137A7_C760.zip,"POLYGON ((92.745399 26.056541, 93.107849 24.372326, 95.555412 24.786983, 95.229027 26.468111, 92.745399 26.056541))",unprocessed_interferograms_vegetation_decorrelation,UNAVAILABLE,REAL_SENTINEL1_INSAR,False
REAL-NER-004,2016-08-07 23:38:50+00:00,,,,False,S1A_IW_SLC__1SDV_20160807T233850_20160807T233916_012501_0138E3_EF6A,Sentinel-1A,C-SAR,IW,VV+VH,DESCENDING,4,12501,509,24.9944,94.298,4698.652220726013,https://datapool.asf.alaska.edu/SLC/SA/S1A_IW_SLC__1SDV_20160807T233850_20160807T233916_012501_0138E3_EF6A.zip,"POLYGON ((95.350647 23.968729, 95.699852 25.595497, 93.224243 26.008345, 92.909096 24.3846, 95.350647 23.968729))",unprocessed_interferograms_vegetation_decorrelation,UNAVAILABLE,REAL_SENTINEL1_INSAR,False
REAL-NER-004,2016-08-29 11:48:12+00:00,,,,False,S1A_IW_SLC__1SSV_20160829T114812_20160829T114840_012815_014353_6005,Sentinel-1A,C-SAR,IW,VV,ASCENDING,143,12815,78,25.427,94.1582,2532.4509620666504,https://datapool.asf.alaska.edu/SLC/SA/S1A_IW_SLC__1SSV_20160829T114812_20160829T114840_012815_014353_6005.zip,"POLYGON ((92.746185 26.057272, 93.108635 24.37318, 95.556145 24.787855, 95.229759 26.468859, 92.746185 26.057272))",unprocessed_interferograms_vegetation_decorrelation,UNAVAILABLE,REAL_SENTINEL1_INSAR,False
REAL-NER-004,2016-08-31 23:38:50+00:00,,,,False,S1A_IW_SLC__1SDV_20160831T233850_20160831T233917_012851_014496_C822,Sentinel-1A,C-SAR,IW,VV+VH,DESCENDING,4,12851,509,24.9931,94.2993,4699.849338531494,https://datapool.asf.alaska.edu/SLC/SA/S1A_IW_SLC__1SDV_20160831T233850_20160831T233917_012851_014496_C822.zip,"POLYGON ((95.352013 23.967569, 95.701134 25.59408, 93.225388 26.00692, 92.910324 24.383432, 95.352013 23.967569))",unprocessed_interferograms_vegetation_decorrelation,UNAVAILABLE,REAL_SENTINEL1_INSAR,False
REAL-NER-004,2016-09-22 11:48:13+00:00,,,,False,S1A_IW_SLC__1SSV_20160922T114813_20160922T114840_013165_014ECB_922D,Sentinel-1A,C-SAR,IW,VV,ASCENDING,143,13165,78,25.3988,94.1628,2437.4537897109985,https://datapool.asf.alaska.edu/SLC/SA/S1A_IW_SLC__1SSV_20160922T114813_20160922T114840_013165_014ECB_922D.zip,"POLYGON ((92.75753 25.99999, 93.107437 24.373951, 95.55497 24.788639, 95.23983 26.411695, 92.75753 25.99999))",unprocessed_interferograms_vegetation_decorrelation,UNAVAILABLE,REAL_SENTINEL1_INSAR,False
REAL-NER-004,2016-09-24 23:38:52+00:00,,,,False,S1A_IW_SLC__1SDV_20160924T233852_20160924T233918_013201_015002_FA07,Sentinel-1A,C-SAR,IW,VV+VH,DESCENDING,4,13201,509,24.9937,94.2982,4686.721655845642,https://datapool.asf.alaska.edu/SLC/SA/S1A_IW_SLC__1SDV_20160924T233852_20160924T233918_013201_015002_FA07.zip,"POLYGON ((95.350906 23.967978, 95.700134 25.594727, 93.224297 26.007637, 92.909134 24.383911, 95.350906 23.967978))",unprocessed_interferograms_vegetation_decorrelation,UNAVAILABLE,REAL_SENTINEL1_INSAR,False
REAL-NER-005,2015-01-02 23:47:11+00:00,,,,False,S1A_IW_SLC__1SDV_20150102T234711_20150102T234738_003999_004D11_2610,Sentinel-1A,C-SAR,IW,VV+VH,DESCENDING,77,3999,513,23.7869,91.9879,4601.885799407959,https://datapool.asf.alaska.edu/SLC/SA/S1A_IW_SLC__1SDV_20150102T234711_20150102T234738_003999_004D11_2610.zip,"POLYGON ((93.027298 22.76062, 93.373909 24.38792, 90.928574 24.802076, 90.6138 23.177919, 93.027298 22.76062))",unprocessed_interferograms_vegetation_decorrelation,UNAVAILABLE,REAL_SENTINEL1_INSAR,False
REAL-NER-005,2015-01-12 11:55:49+00:00,,,,False,S1A_IW_SLC__1SSV_20150112T115549_20150112T115616_004138_00503F_1259,Sentinel-1A,C-SAR,IW,VV,ASCENDING,41,4138,73,24.005,92.3771,2408.9375400543213,https://datapool.asf.alaska.edu/SLC/SA/S1A_IW_SLC__1SSV_20150112T115549_20150112T115616_004138_00503F_1259.zip,"POLYGON ((90.985039 24.605013, 91.33226 22.978336, 93.756996 23.396734, 93.442108 25.020302, 90.985039 24.605013))",unprocessed_interferograms_vegetation_decorrelation,UNAVAILABLE,REAL_SENTINEL1_INSAR,False
REAL-NER-005,2015-01-26 23:47:10+00:00,,,,False,S1A_IW_SLC__1SDV_20150126T234710_20150126T234737_004349_0054E2_0E9E,Sentinel-1A,C-SAR,IW,VV+VH,DESCENDING,77,4349,513,23.7867,91.9889,4584.070697784424,https://datapool.asf.alaska.edu/SLC/SA/S1A_IW_SLC__1SDV_20150126T234710_20150126T234737_004349_0054E2_0E9E.zip,"POLYGON ((93.028419 22.760527, 93.375015 24.387566, 90.929588 24.80179, 90.614822 23.177893, 93.028419 22.760527))",unprocessed_interferograms_vegetation_decorrelation,UNAVAILABLE,REAL_SENTINEL1_INSAR,False
REAL-NER-005,2015-02-05 11:55:48+00:00,,,,False,S1A_IW_SLC__1SSV_20150205T115548_20150205T115615_004488_005811_4DEB,Sentinel-1A,C-SAR,IW,VV,ASCENDING,41,4488,73,24.0047,92.3785,2410.5710620880127,https://datapool.asf.alaska.edu/SLC/SA/S1A_IW_SLC__1SSV_20150205T115548_20150205T115615_004488_005811_4DEB.zip,"POLYGON ((90.98632 24.604753, 91.333488 22.978085, 93.758469 23.396463, 93.443626 25.020023, 90.98632 24.604753))",unprocessed_interferograms_vegetation_decorrelation,UNAVAILABLE,REAL_SENTINEL1_INSAR,False
REAL-NER-005,2015-03-03 23:47:10+00:00,,,,False,S1A_IW_SLC__1SDV_20150303T234710_20150303T234737_004874_006130_A14D,Sentinel-1A,C-SAR,IW,VV+VH,DESCENDING,77,4874,513,23.7864,91.988,4596.739686965942,https://datapool.asf.alaska.edu/SLC/SA/S1A_IW_SLC__1SDV_20150303T234710_20150303T234737_004874_006130_A14D.zip,"POLYGON ((93.027321 22.76026, 93.373856 24.387201, 90.928741 24.801323, 90.614037 23.177523, 93.027321 22.76026))",unprocessed_interferograms_vegetation_decorrelation,UNAVAILABLE,REAL_SENTINEL1_INSAR,False
REAL-NER-005,2015-03-13 11:55:48+00:00,,,,False,S1A_IW_SLC__1SSV_20150313T115548_20150313T115615_005013_00648C_94BB,Sentinel-1A,C-SAR,IW,VV,ASCENDING,41,5013,73,24.0039,92.3773,2407.975214958191,https://datapool.asf.alaska.edu/SLC/SA/S1A_IW_SLC__1SSV_20150313T115548_20150313T115615_005013_00648C_94BB.zip,"POLYGON ((90.985161 24.603767, 91.332329 22.97735, 93.757233 23.395794, 93.442383 25.019104, 90.985161 24.603767))",unprocessed_interferograms_vegetation_decorrelation,UNAVAILABLE,REAL_SENTINEL1_INSAR,False
REAL-NER-005,2015-03-27 23:47:10+00:00,,,,False,S1A_IW_SLC__1SDV_20150327T234710_20150327T234737_005224_00698F_B3AC,Sentinel-1A,C-SAR,IW,VV+VH,DESCENDING,77,5224,513,23.7869,91.9892,4573.231502532959,https://datapool.asf.alaska.edu/SLC/SA/S1A_IW_SLC__1SDV_20150327T234710_20150327T234737_005224_00698F_B3AC.zip,"POLYGON ((93.02858 22.76067, 93.375175 24.38773, 90.930016 24.801905, 90.61525 23.177988, 93.02858 22.76067))",unprocessed_interferograms_vegetation_decorrelation,UNAVAILABLE,REAL_SENTINEL1_INSAR,False
REAL-NER-005,2015-04-06 11:55:49+00:00,,,,False,S1A_IW_SLC__1SSV_20150406T115549_20150406T115615_005363_006CE0_0F37,Sentinel-1A,C-SAR,IW,VV,ASCENDING,41,5363,73,24.0035,92.3784,2434.2850017547607,https://datapool.asf.alaska.edu/SLC/SA/S1A_IW_SLC__1SSV_20150406T115549_20150406T115615_005363_006CE0_0F37.zip,"POLYGON ((90.986267 24.603605, 91.333427 22.976934, 93.758362 23.395315, 93.44352 25.018875, 90.986267 24.603605))",unprocessed_interferograms_vegetation_decorrelation,UNAVAILABLE,REAL_SENTINEL1_INSAR,False
REAL-NER-005,2015-05-14 23:47:12+00:00,,,,False,S1A_IW_SLC__1SDV_20150514T234712_20150514T234739_005924_007A1B_F111,Sentinel-1A,C-SAR,IW,VV+VH,DESCENDING,77,5924,513,23.7854,91.9915,4692.217457771301,https://datapool.asf.alaska.edu/SLC/SA/S1A_IW_SLC__1SDV_20150514T234712_20150514T234739_005924_007A1B_F111.zip,"POLYGON ((93.031372 22.759123, 93.377937 24.386045, 90.931725 24.800428, 90.616989 23.176649, 93.031372 22.759123))",unprocessed_interferograms_vegetation_decorrelation,UNAVAILABLE,REAL_SENTINEL1_INSAR,False
REAL-NER-005,2015-05-24 11:55:51+00:00,,,,False,S1A_IW_SLC__1SSV_20150524T115551_20150524T115618_006063_007D76_BAAF,Sentinel-1A,C-SAR,IW,VV,ASCENDING,41,6063,73,24.0038,92.3774,2455.8319120407104,https://datapool.asf.alaska.edu/SLC/SA/S1A_IW_SLC__1SSV_20150524T115551_20150524T115618_006063_007D76_BAAF.zip,"POLYGON ((90.985466 24.60358, 91.332542 22.977528, 93.757225 23.39592, 93.442467 25.018864, 90.985466 24.60358))",unprocessed_interferograms_vegetation_decorrelation,UNAVAILABLE,REAL_SENTINEL1_INSAR,False
REAL-NER-005,2015-06-07 23:47:14+00:00,,,,False,S1A_IW_SLC__1SDV_20150607T234714_20150607T234741_006274_008390_3504,Sentinel-1A,C-SAR,IW,VV+VH,DESCENDING,77,6274,513,23.7854,91.9895,4637.082632064819,https://datapool.asf.alaska.edu/SLC/SA/S1A_IW_SLC__1SDV_20150607T234714_20150607T234741_006274_008390_3504.zip,"POLYGON ((93.029312 22.759171, 93.375923 24.386225, 90.929871 24.800579, 90.615097 23.176666, 93.029312 22.759171))",unprocessed_interferograms_vegetation_decorrelation,UNAVAILABLE,REAL_SENTINEL1_INSAR,False
REAL-NER-005,2015-06-17 11:55:47+00:00,,,,False,S1A_IW_SLC__1SSV_20150617T115547_20150617T115614_006413_00877D_863B,Sentinel-1A,C-SAR,IW,VV,ASCENDING,41,6413,72,23.6725,92.447,2464.941209793091,https://datapool.asf.alaska.edu/SLC/SA/S1A_IW_SLC__1SSV_20150617T115547_20150617T115614_006413_00877D_863B.zip,"POLYGON ((91.057808 24.272068, 91.404228 22.645647, 93.824303 23.064892, 93.509636 24.688164, 91.057808 24.272068))",unprocessed_interferograms_vegetation_decorrelation,UNAVAILABLE,REAL_SENTINEL1_INSAR,False
REAL-NER-005,2015-07-01 23:47:11+00:00,,,,False,S1A_IW_SLC__1SDV_20150701T234711_20150701T234739_006624_008D62_EC8F,Sentinel-1A,C-SAR,IW,VV+VH,DESCENDING,77,6624,512,23.9802,92.0273,4748.466985702515,https://datapool.asf.alaska.edu/SLC/SA/S1A_IW_SLC__1SDV_20150701T234711_20150701T234739_006624_008D62_EC8F.zip,"POLYGON ((93.061691 22.926079, 93.420662 24.609554, 90.972511 25.022997, 90.646805 23.342752, 93.061691 22.926079))",unprocessed_interferograms_vegetation_decorrelation,UNAVAILABLE,REAL_SENTINEL1_INSAR,False
REAL-NER-005,2015-07-11 11:55:48+00:00,,,,False,S1A_IW_SLC__1SSV_20150711T115548_20150711T115615_006763_009133_DF35,Sentinel-1A,C-SAR,IW,VV,ASCENDING,41,6763,72,23.6722,92.4467,2466.1603994369507,https://datapool.asf.alaska.edu/SLC/SA/S1A_IW_SLC__1SSV_20150711T115548_20150711T115615_006763_009133_DF35.zip,"POLYGON ((91.057472 24.27173, 91.403893 22.645441, 93.824013 23.064751, 93.509338 24.687893, 91.057472 24.27173))",unprocessed_interferograms_vegetation_decorrelation,UNAVAILABLE,REAL_SENTINEL1_INSAR,False
REAL-NER-005,2015-08-18 23:47:14+00:00,,,,False,S1A_IW_SLC__1SDV_20150818T234714_20150818T234741_007324_00A0E5_922D,Sentinel-1A,C-SAR,IW,VV+VH,DESCENDING,77,7324,512,23.9819,92.0289,4787.620450019836,https://datapool.asf.alaska.edu/SLC/SA/S1A_IW_SLC__1SDV_20150818T234714_20150818T234741_007324_00A0E5_922D.zip,"POLYGON ((93.063171 22.92771, 93.422188 24.611317, 90.974113 25.024776, 90.648361 23.344398, 93.063171 22.92771))",unprocessed_interferograms_vegetation_decorrelation,UNAVAILABLE,REAL_SENTINEL1_INSAR,False
REAL-NER-005,2015-08-28 11:55:50+00:00,,,,False,S1A_IW_SLC__1SSV_20150828T115550_20150828T115617_007463_00A49C_0CCC,Sentinel-1A,C-SAR,IW,VV,ASCENDING,41,7463,72,23.671,92.4468,2464.0222396850586,https://datapool.asf.alaska.edu/SLC/SA/S1A_IW_SLC__1SSV_20150828T115550_20150828T115617_007463_00A49C_0CCC.zip,"POLYGON ((91.057648 24.27062, 91.404037 22.644196, 93.824066 23.063437, 93.509415 24.686714, 91.057648 24.27062))",unprocessed_interferograms_vegetation_decorrelation,UNAVAILABLE,REAL_SENTINEL1_INSAR,False
REAL-NER-005,2015-09-09 11:55:44+00:00,,,,False,S1A_IW_SLC__1SSV_20150909T115544_20150909T115611_007638_00A96A_C1CA,Sentinel-1A,C-SAR,IW,VV,ASCENDING,41,7638,71,23.2853,92.5237,2459.147035598755,https://datapool.asf.alaska.edu/SLC/SA/S1A_IW_SLC__1SSV_20150909T115544_20150909T115611_007638_00A96A_C1CA.zip,"POLYGON ((91.141205 23.889095, 91.488503 22.254845, 93.894386 22.673716, 93.578209 24.304777, 91.141205 23.889095))",unprocessed_interferograms_vegetation_decorrelation,UNAVAILABLE,REAL_SENTINEL1_INSAR,False
REAL-NER-005,2015-09-21 11:55:51+00:00,,,,False,S1A_IW_SLC__1SSV_20150921T115551_20150921T115618_007813_00AE02_8437,Sentinel-1A,C-SAR,IW,VV,ASCENDING,41,7813,72,23.6712,92.4463,2467.000771522522,https://datapool.asf.alaska.edu/SLC/SA/S1A_IW_SLC__1SSV_20150921T115551_20150921T115618_007813_00AE02_8437.zip,"POLYGON ((91.057045 24.271021, 91.403595 22.6441, 93.823555 23.063396, 93.508751 24.68717, 91.057045 24.271021))",unprocessed_interferograms_vegetation_decorrelation,UNAVAILABLE,REAL_SENTINEL1_INSAR,False
REAL-NER-005,2015-10-29 23:47:15+00:00,,,,False,S1A_IW_SLC__1SDV_20151029T234715_20151029T234743_008374_00BD32_A45D,Sentinel-1A,C-SAR,IW,VV+VH,DESCENDING,77,8374,512,23.9818,92.0295,4792.215901374817,https://datapool.asf.alaska.edu/SLC/SA/S1A_IW_SLC__1SDV_20151029T234715_20151029T234743_008374_00BD32_A45D.zip,"POLYGON ((93.063919 22.92757, 93.422958 24.611275, 90.974564 25.024765, 90.648804 23.34429, 93.063919 22.92757))",unprocessed_interferograms_vegetation_decorrelation,UNAVAILABLE,REAL_SENTINEL1_INSAR,False
REAL-NER-005,2015-11-22 23:47:09+00:00,,,,False,S1A_IW_SLC__1SDV_20151122T234709_20151122T234737_008724_00C6C1_DA8C,Sentinel-1A,C-SAR,IW,VV+VH,DESCENDING,77,8724,511,24.313,92.1011,4745.1639795303345,https://datapool.asf.alaska.edu/SLC/SA/S1A_IW_SLC__1SDV_20151122T234709_20151122T234737_008724_00C6C1_DA8C.zip,"POLYGON ((93.139465 23.258827, 93.499298 24.9424, 91.04187 25.355717, 90.715965 23.675337, 93.139465 23.258827))",unprocessed_interferograms_vegetation_decorrelation,UNAVAILABLE,REAL_SENTINEL1_INSAR,False
REAL-NER-005,2015-12-02 11:55:45+00:00,,,,False,S1A_IW_SLC__1SSV_20151202T115545_20151202T115612_008863_00CAA1_0986,Sentinel-1A,C-SAR,IW,VV,ASCENDING,41,8863,71,23.3398,92.5126,2413.8091974258423,https://datapool.asf.alaska.edu/SLC/SA/S1A_IW_SLC__1SSV_20151202T115545_20151202T115612_008863_00CAA1_0986.zip,"POLYGON ((91.127533 23.939367, 91.473434 22.312588, 93.886024 22.732336, 93.571289 24.355942, 91.127533 23.939367))",unprocessed_interferograms_vegetation_decorrelation,UNAVAILABLE,REAL_SENTINEL1_INSAR,False
REAL-NER-005,2015-12-16 23:47:09+00:00,,,,False,S1A_IW_SLC__1SDV_20151216T234709_20151216T234736_009074_00D087_E3C9,Sentinel-1A,C-SAR,IW,VV+VH,DESCENDING,77,9074,511,24.2847,92.0964,4530.910305023193,https://datapool.asf.alaska.edu/SLC/SA/S1A_IW_SLC__1SDV_20151216T234709_20151216T234736_009074_00D087_E3C9.zip,"POLYGON ((93.140541 23.258863, 93.488197 24.885603, 91.031792 25.299091, 90.716866 23.675438, 93.140541 23.258863))",unprocessed_interferograms_vegetation_decorrelation,UNAVAILABLE,REAL_SENTINEL1_INSAR,False
REAL-NER-005,2015-12-26 11:55:44+00:00,,,,False,S1A_IW_SLC__1SSV_20151226T115544_20151226T115611_009213_00D473_AFD6,Sentinel-1A,C-SAR,IW,VV,ASCENDING,41,9213,71,23.339,92.513,2408.909546852112,https://datapool.asf.alaska.edu/SLC/SA/S1A_IW_SLC__1SSV_20151226T115544_20151226T115611_009213_00D473_AFD6.zip,"POLYGON ((91.127838 23.938623, 91.473724 22.311726, 93.886482 22.731453, 93.57177 24.355177, 91.127838 23.938623))",unprocessed_interferograms_vegetation_decorrelation,UNAVAILABLE,REAL_SENTINEL1_INSAR,False
REAL-NER-005,2016-01-09 23:47:08+00:00,,,,False,S1A_IW_SLC__1SDV_20160109T234708_20160109T234735_009424_00DA7C_C950,Sentinel-1A,C-SAR,IW,VV+VH,DESCENDING,77,9424,511,24.2855,92.0951,4527.059476852417,https://datapool.asf.alaska.edu/SLC/SA/S1A_IW_SLC__1SDV_20160109T234708_20160109T234735_009424_00DA7C_C950.zip,"POLYGON ((93.139282 23.259825, 93.486839 24.886332, 91.03051 25.299738, 90.715675 23.676317, 93.139282 23.259825))",unprocessed_interferograms_vegetation_decorrelation,UNAVAILABLE,REAL_SENTINEL1_INSAR,False
REAL-NER-005,2016-01-19 11:55:44+00:00,,,,False,S1A_IW_SLC__1SSV_20160119T115544_20160119T115610_009563_00DE78_8E09,Sentinel-1A,C-SAR,IW,VV,ASCENDING,41,9563,71,23.3385,92.5129,2403.804383277893,https://datapool.asf.alaska.edu/SLC/SA/S1A_IW_SLC__1SSV_20160119T115544_20160119T115610_009563_00DE78_8E09.zip,"POLYGON ((91.127724 23.938063, 91.473625 22.311302, 93.886375 22.731087, 93.57164 24.354677, 91.127724 23.938063))",unprocessed_interferograms_vegetation_decorrelation,UNAVAILABLE,REAL_SENTINEL1_INSAR,False
REAL-NER-005,2016-02-02 23:47:08+00:00,,,,False,S1A_IW_SLC__1SDV_20160202T234708_20160202T234735_009774_00E4AD_BDE4,Sentinel-1A,C-SAR,IW,VV+VH,DESCENDING,77,9774,511,24.2858,92.0959,4531.445207595825,https://datapool.asf.alaska.edu/SLC/SA/S1A_IW_SLC__1SDV_20160202T234708_20160202T234735_009774_00E4AD_BDE4.zip,"POLYGON ((93.140053 23.259983, 93.487694 24.886734, 91.031342 25.300192, 90.716431 23.676529, 93.140053 23.259983))",unprocessed_interferograms_vegetation_decorrelation,UNAVAILABLE,REAL_SENTINEL1_INSAR,False
REAL-NER-005,2016-02-12 11:55:43+00:00,,,,False,S1A_IW_SLC__1SSV_20160212T115543_20160212T115610_009913_00E8B3_8E9D,Sentinel-1A,C-SAR,IW,VV,ASCENDING,41,9913,71,23.3384,92.5133,2410.7920141220093,https://datapool.asf.alaska.edu/SLC/SA/S1A_IW_SLC__1SSV_20160212T115543_20160212T115610_009913_00E8B3_8E9D.zip,"POLYGON ((91.128174 23.938034, 91.474052 22.311258, 93.886749 22.731022, 93.572021 24.354624, 91.128174 23.938034))",unprocessed_interferograms_vegetation_decorrelation,UNAVAILABLE,REAL_SENTINEL1_INSAR,False
REAL-NER-005,2016-03-07 11:55:43+00:00,,,,False,S1A_IW_SLC__1SSV_20160307T115543_20160307T115610_010263_00F2BF_DC7B,Sentinel-1A,C-SAR,IW,VV,ASCENDING,41,10263,71,23.3388,92.513,2409.681179046631,https://datapool.asf.alaska.edu/SLC/SA/S1A_IW_SLC__1SSV_20160307T115543_20160307T115610_010263_00F2BF_DC7B.zip,"POLYGON ((91.127907 23.938461, 91.473778 22.311552, 93.886414 22.73127, 93.571701 24.355003, 91.127907 23.938461))",unprocessed_interferograms_vegetation_decorrelation,UNAVAILABLE,REAL_SENTINEL1_INSAR,False
REAL-NER-005,2016-03-21 23:47:08+00:00,,,,False,S1A_IW_SLC__1SDV_20160321T234708_20160321T234735_010474_00F8C5_15F9,Sentinel-1A,C-SAR,IW,VV+VH,DESCENDING,77,10474,511,24.2859,92.0945,4612.9763860702515,https://datapool.asf.alaska.edu/SLC/SA/S1A_IW_SLC__1SDV_20160321T234708_20160321T234735_010474_00F8C5_15F9.zip,"POLYGON ((93.138573 23.260202, 93.486137 24.886854, 91.030098 25.300213, 90.715256 23.676649, 93.138573 23.260202))",unprocessed_interferograms_vegetation_decorrelation,UNAVAILABLE,REAL_SENTINEL1_INSAR,False
REAL-NER-005,2016-03-31 11:55:44+00:00,,,,False,S1A_IW_SLC__1SSV_20160331T115544_20160331T115611_010613_00FCB9_9568,Sentinel-1A,C-SAR,IW,VV,ASCENDING,41,10613,71,23.3379,92.5128,2425.13081073761,https://datapool.asf.alaska.edu/SLC/SA/S1A_IW_SLC__1SSV_20160331T115544_20160331T115611_010613_00FCB9_9568.zip,"POLYGON ((91.127762 23.937443, 91.473602 22.310781, 93.8862 22.730549, 93.571503 24.354034, 91.127762 23.937443))",unprocessed_interferograms_vegetation_decorrelation,UNAVAILABLE,REAL_SENTINEL1_INSAR,False
REAL-NER-005,2016-04-14 23:47:09+00:00,,,,False,S1A_IW_SLC__1SDV_20160414T234709_20160414T234736_010824_010310_194B,Sentinel-1A,C-SAR,IW,VV+VH,DESCENDING,77,10824,511,24.2858,92.0956,4616.159049987793,https://datapool.asf.alaska.edu/SLC/SA/S1A_IW_SLC__1SDV_20160414T234709_20160414T234736_010824_010310_194B.zip,"POLYGON ((93.139687 23.260054, 93.487289 24.886696, 91.03112 25.300142, 90.716232 23.676588, 93.139687 23.260054))",unprocessed_interferograms_vegetation_decorrelation,UNAVAILABLE,REAL_SENTINEL1_INSAR,False
REAL-NER-005,2016-04-24 11:55:45+00:00,,,,False,S1A_IW_SLC__1SSV_20160424T115545_20160424T115612_010963_01074B_98B8,Sentinel-1A,C-SAR,IW,VV,ASCENDING,41,10963,71,23.3383,92.5136,2418.414068222046,https://datapool.asf.alaska.edu/SLC/SA/S1A_IW_SLC__1SSV_20160424T115545_20160424T115612_010963_01074B_98B8.zip,"POLYGON ((91.128654 23.937948, 91.47448 22.311148, 93.886963 22.730833, 93.572281 24.354456, 91.128654 23.937948))",unprocessed_interferograms_vegetation_decorrelation,UNAVAILABLE,REAL_SENTINEL1_INSAR,False
REAL-NER-005,2016-05-08 23:47:10+00:00,,,,False,S1A_IW_SLC__1SDV_20160508T234710_20160508T234737_011174_010DFC_7F8B,Sentinel-1A,C-SAR,IW,VV+VH,DESCENDING,77,11174,511,24.2851,92.0949,4561.178015708923,https://datapool.asf.alaska.edu/SLC/SA/S1A_IW_SLC__1SDV_20160508T234710_20160508T234737_011174_010DFC_7F8B.zip,"POLYGON ((93.13903 23.2593, 93.486626 24.88607, 91.030449 25.299482, 90.715561 23.675802, 93.13903 23.2593))",unprocessed_interferograms_vegetation_decorrelation,UNAVAILABLE,REAL_SENTINEL1_INSAR,False
REAL-NER-005,2016-05-18 11:55:48+00:00,,,,False,S1A_IW_SLC__1SSV_20160518T115548_20160518T115615_011313_011273_4075,Sentinel-1A,C-SAR,IW,VV,ASCENDING,41,11313,72,23.5043,92.4811,2448.9413080215454,https://datapool.asf.alaska.edu/SLC/SA/S1A_IW_SLC__1SSV_20160518T115548_20160518T115615_011313_011273_4075.zip,"POLYGON ((91.093605 24.1038, 91.439697 22.47731, 93.856773 22.896929, 93.54213 24.520256, 91.093605 24.1038))",unprocessed_interferograms_vegetation_decorrelation,UNAVAILABLE,REAL_SENTINEL1_INSAR,False
REAL-NER-005,2016-05-30 11:55:51+00:00,,,,False,S1A_IW_SLC__1SDV_20160530T115551_20160530T115610_011488_01182A_3245,Sentinel-1A,C-SAR,IW,VV+VH,ASCENDING,41,11488,72,23.3686,92.5067,3099.3023748397827,https://datapool.asf.alaska.edu/SLC/SA/S1A_IW_SLC__1SDV_20160530T115551_20160530T115610_011488_01182A_3245.zip,"POLYGON ((91.178452 23.722738, 91.419563 22.588572, 93.828972 23.006323, 93.609535 24.138283, 91.178452 23.722738))",unprocessed_interferograms_vegetation_decorrelation,UNAVAILABLE,REAL_SENTINEL1_INSAR,False
REAL-NER-005,2016-06-01 23:47:11+00:00,,,,False,S1A_IW_SLC__1SDV_20160601T234711_20160601T234738_011524_01195C_20B9,Sentinel-1A,C-SAR,IW,VV+VH,DESCENDING,77,11524,511,24.2858,92.0947,4525.442520141602,https://datapool.asf.alaska.edu/SLC/SA/S1A_IW_SLC__1SDV_20160601T234711_20160601T234738_011524_01195C_20B9.zip,"POLYGON ((93.138748 23.259924, 93.486374 24.886953, 91.03038 25.300299, 90.715469 23.676361, 93.138748 23.259924))",unprocessed_interferograms_vegetation_decorrelation,UNAVAILABLE,REAL_SENTINEL1_INSAR,False
REAL-NER-005,2016-06-11 11:55:50+00:00,,,,False,S1A_IW_SLC__1SSV_20160611T115550_20160611T115617_011663_011DA3_63A1,Sentinel-1A,C-SAR,IW,VV,ASCENDING,41,11663,72,23.5057,92.4798,2444.464044570923,https://datapool.asf.alaska.edu/SLC/SA/S1A_IW_SLC__1SSV_20160611T115550_20160611T115617_011663_011DA3_63A1.zip,"POLYGON ((91.092255 24.105131, 91.438347 22.478769, 93.855476 22.898428, 93.540833 24.521626, 91.092255 24.105131))",unprocessed_interferograms_vegetation_decorrelation,UNAVAILABLE,REAL_SENTINEL1_INSAR,False
REAL-NER-005,2016-07-05 11:55:51+00:00,,,,False,S1A_IW_SLC__1SSV_20160705T115551_20160705T115618_012013_0128C2_B7D2,Sentinel-1A,C-SAR,IW,VV,ASCENDING,41,12013,72,23.506,92.4803,2445.530960083008,https://datapool.asf.alaska.edu/SLC/SA/S1A_IW_SLC__1SSV_20160705T115551_20160705T115618_012013_0128C2_B7D2.zip,"POLYGON ((91.092766 24.105509, 91.438873 22.478891, 93.855934 22.898478, 93.541283 24.521933, 91.092766 24.105509))",unprocessed_interferograms_vegetation_decorrelation,UNAVAILABLE,REAL_SENTINEL1_INSAR,False
REAL-NER-005,2016-07-19 23:47:14+00:00,,,,False,S1A_IW_SLC__1SDV_20160719T234714_20160719T234741_012224_012FB2_D3D7,Sentinel-1A,C-SAR,IW,VV+VH,DESCENDING,77,12224,511,24.2849,92.0954,4484.91944694519,https://datapool.asf.alaska.edu/SLC/SA/S1A_IW_SLC__1SDV_20160719T234714_20160719T234741_012224_012FB2_D3D7.zip,"POLYGON ((93.139511 23.259148, 93.487083 24.88592, 91.030952 25.299299, 90.716095 23.675619, 93.139511 23.259148))",unprocessed_interferograms_vegetation_decorrelation,UNAVAILABLE,REAL_SENTINEL1_INSAR,False
REAL-NER-005,2016-07-29 11:55:53+00:00,,,,False,S1A_IW_SLC__1SSV_20160729T115553_20160729T115620_012363_013437_3401,Sentinel-1A,C-SAR,IW,VV,ASCENDING,41,12363,72,23.5064,92.4801,2445.4683656692505,https://datapool.asf.alaska.edu/SLC/SA/S1A_IW_SLC__1SSV_20160729T115553_20160729T115620_012363_013437_3401.zip,"POLYGON ((91.092514 24.105932, 91.438667 22.479324, 93.855789 22.898973, 93.5411 24.522417, 91.092514 24.105932))",unprocessed_interferograms_vegetation_decorrelation,UNAVAILABLE,REAL_SENTINEL1_INSAR,False
REAL-NER-005,2016-08-12 23:47:15+00:00,,,,False,S1A_IW_SLC__1SDV_20160812T234715_20160812T234742_012574_013B43_4993,Sentinel-1A,C-SAR,IW,VV+VH,DESCENDING,77,12574,511,24.2849,92.0957,4524.0824184417725,https://datapool.asf.alaska.edu/SLC/SA/S1A_IW_SLC__1SDV_20160812T234715_20160812T234742_012574_013B43_4993.zip,"POLYGON ((93.139801 23.259195, 93.487381 24.885836, 91.031166 25.299278, 90.716293 23.675728, 93.139801 23.259195))",unprocessed_interferograms_vegetation_decorrelation,UNAVAILABLE,REAL_SENTINEL1_INSAR,False
REAL-NER-005,2016-08-22 11:55:54+00:00,,,,False,S1A_IW_SLC__1SSV_20160822T115554_20160822T115621_012713_013FDD_406C,Sentinel-1A,C-SAR,IW,VV,ASCENDING,41,12713,72,23.5056,92.4801,2436.3231239318848,https://datapool.asf.alaska.edu/SLC/SA/S1A_IW_SLC__1SSV_20160822T115554_20160822T115621_012713_013FDD_406C.zip,"POLYGON ((91.092606 24.105228, 91.438774 22.478487, 93.855759 22.898104, 93.541046 24.521683, 91.092606 24.105228))",unprocessed_interferograms_vegetation_decorrelation,UNAVAILABLE,REAL_SENTINEL1_INSAR,False
REAL-NER-005,2016-09-05 23:47:16+00:00,,,,False,S1A_IW_SLC__1SDV_20160905T234716_20160905T234743_012924_0146F3_76BD,Sentinel-1A,C-SAR,IW,VV+VH,DESCENDING,77,12924,511,24.2845,92.0956,4533.086156845093,https://datapool.asf.alaska.edu/SLC/SA/S1A_IW_SLC__1SDV_20160905T234716_20160905T234743_012924_0146F3_76BD.zip,"POLYGON ((93.139786 23.258944, 93.487305 24.885338, 91.031128 25.298752, 90.716316 23.675447, 93.139786 23.258944))",unprocessed_interferograms_vegetation_decorrelation,UNAVAILABLE,REAL_SENTINEL1_INSAR,False
REAL-NER-005,2016-09-15 11:55:55+00:00,,,,False,S1A_IW_SLC__1SSV_20160915T115555_20160915T115622_013063_014B5A_35A6,Sentinel-1A,C-SAR,IW,VV,ASCENDING,41,13063,72,23.5061,92.4807,2438.7861862182617,https://datapool.asf.alaska.edu/SLC/SA/S1A_IW_SLC__1SSV_20160915T115555_20160915T115622_013063_014B5A_35A6.zip,"POLYGON ((91.093224 24.1054, 91.439247 22.479282, 93.856316 22.898886, 93.54174 24.521841, 91.093224 24.1054))",unprocessed_interferograms_vegetation_decorrelation,UNAVAILABLE,REAL_SENTINEL1_INSAR,False
REAL-NER-005,2016-09-29 23:47:17+00:00,,,,False,S1A_IW_SLC__1SDV_20160929T234717_20160929T234744_013274_01524C_73E5,Sentinel-1A,C-SAR,IW,VV+VH,DESCENDING,77,13274,511,24.2846,92.0947,4549.552000999451,https://datapool.asf.alaska.edu/SLC/SA/S1A_IW_SLC__1SDV_20160929T234717_20160929T234744_013274_01524C_73E5.zip,"POLYGON ((93.138878 23.258942, 93.486435 24.88558, 91.030159 25.298973, 90.715324 23.675425, 93.138878 23.258942))",unprocessed_interferograms_vegetation_decorrelation,UNAVAILABLE,REAL_SENTINEL1_INSAR,False
REAL-NER-005,2016-10-09 11:55:55+00:00,,,,False,S1A_IW_SLC__1SSV_20161009T115555_20161009T115622_013413_0156A2_8332,Sentinel-1A,C-SAR,IW,VV,ASCENDING,41,13413,72,23.5063,92.4794,2437.222556114197,https://datapool.asf.alaska.edu/SLC/SA/S1A_IW_SLC__1SSV_20161009T115555_20161009T115622_013413_0156A2_8332.zip,"POLYGON ((91.091789 24.105877, 91.437996 22.479153, 93.855118 22.898811, 93.540382 24.522375, 91.091789 24.105877))",unprocessed_interferograms_vegetation_decorrelation,UNAVAILABLE,REAL_SENTINEL1_INSAR,False
REAL-NER-006,2015-01-02 23:46:20+00:00,,,,False,S1A_IW_SLC__1SDV_20150102T234620_20150102T234648_003999_004D11_6738,Sentinel-1A,C-SAR,IW,VV+VH,DESCENDING,77,3999,503,26.8082,92.617,4701.700771331787,https://datapool.asf.alaska.edu/SLC/SA/S1A_IW_SLC__1SDV_20150102T234620_20150102T234648_003999_004D11_6738.zip,"POLYGON ((93.681564 25.75556, 94.047462 27.438398, 91.528717 27.848211, 91.201637 26.168299, 93.681564 25.75556))",unprocessed_interferograms_vegetation_decorrelation,UNAVAILABLE,REAL_SENTINEL1_INSAR,False
REAL-NER-006,2015-01-12 11:56:39+00:00,,,,False,S1A_IW_SLC__1SSV_20150112T115639_20150112T115706_004138_00503F_716B,Sentinel-1A,C-SAR,IW,VV,ASCENDING,41,4138,83,27.0592,91.7644,2371.409743309021,https://datapool.asf.alaska.edu/SLC/SA/S1A_IW_SLC__1SSV_20150112T115639_20150112T115706_004138_00503F_716B.zip,"POLYGON ((90.339638 27.661615, 90.69371 26.035624, 93.174706 26.446934, 92.858566 28.070118, 90.339638 27.661615))",unprocessed_interferograms_vegetation_decorrelation,UNAVAILABLE,REAL_SENTINEL1_INSAR,False
REAL-NER-006,2015-01-26 23:46:19+00:00,,,,False,S1A_IW_SLC__1SDV_20150126T234619_20150126T234647_004349_0054E2_5A9C,Sentinel-1A,C-SAR,IW,VV+VH,DESCENDING,77,4349,503,26.8078,92.6181,4685.574445724487,https://datapool.asf.alaska.edu/SLC/SA/S1A_IW_SLC__1SDV_20150126T234619_20150126T234647_004349_0054E2_5A9C.zip,"POLYGON ((93.682678 25.755198, 94.048592 27.437899, 91.52977 27.84778, 91.202675 26.168007, 93.682678 25.755198))",unprocessed_interferograms_vegetation_decorrelation,UNAVAILABLE,REAL_SENTINEL1_INSAR,False
REAL-NER-006,2015-02-05 11:56:38+00:00,,,,False,S1A_IW_SLC__1SSV_20150205T115638_20150205T115705_004488_005811_32CA,Sentinel-1A,C-SAR,IW,VV,ASCENDING,41,4488,83,27.0587,91.7663,2369.975012779236,https://datapool.asf.alaska.edu/SLC/SA/S1A_IW_SLC__1SSV_20150205T115638_20150205T115705_004488_005811_32CA.zip,"POLYGON ((90.341476 27.661289, 90.695534 26.035055, 93.17659 26.446312, 92.860466 28.069736, 90.341476 27.661289))",unprocessed_interferograms_vegetation_decorrelation,UNAVAILABLE,REAL_SENTINEL1_INSAR,False
REAL-NER-006,2015-03-03 23:46:19+00:00,,,,False,S1A_IW_SLC__1SDV_20150303T234619_20150303T234647_004874_006130_15E1,Sentinel-1A,C-SAR,IW,VV+VH,DESCENDING,77,4874,503,26.8077,92.6171,4668.16557598114,https://datapool.asf.alaska.edu/SLC/SA/S1A_IW_SLC__1SDV_20150303T234619_20150303T234647_004874_006130_15E1.zip,"POLYGON ((93.681557 25.755102, 94.047455 27.437954, 91.528931 27.847731, 91.201851 26.167805, 93.681557 25.755102))",unprocessed_interferograms_vegetation_decorrelation,UNAVAILABLE,REAL_SENTINEL1_INSAR,False
REAL-NER-006,2015-03-13 11:56:39+00:00,,,,False,S1A_IW_SLC__1SSV_20150313T115639_20150313T115706_005013_00648C_582F,Sentinel-1A,C-SAR,IW,VV,ASCENDING,41,5013,83,27.058,91.7645,2373.071400642395,https://datapool.asf.alaska.edu/SLC/SA/S1A_IW_SLC__1SSV_20150313T115639_20150313T115706_005013_00648C_582F.zip,"POLYGON ((90.339584 27.660704, 90.693764 26.034225, 93.17495 26.445591, 92.858711 28.069262, 90.339584 27.660704))",unprocessed_interferograms_vegetation_decorrelation,UNAVAILABLE,REAL_SENTINEL1_INSAR,False
REAL-NER-006,2015-03-27 23:46:20+00:00,,,,False,S1A_IW_SLC__1SDV_20150327T234620_20150327T234647_005224_00698F_1A8D,Sentinel-1A,C-SAR,IW,VV+VH,DESCENDING,77,5224,503,26.8079,92.6183,4748.813543319702,https://datapool.asf.alaska.edu/SLC/SA/S1A_IW_SLC__1SDV_20150327T234620_20150327T234647_005224_00698F_1A8D.zip,"POLYGON ((93.682861 25.755503, 94.048721 27.437979, 91.530174 27.847809, 91.203125 26.168262, 93.682861 25.755503))",unprocessed_interferograms_vegetation_decorrelation,UNAVAILABLE,REAL_SENTINEL1_INSAR,False
REAL-NER-006,2015-04-06 11:56:38+00:00,,,,False,S1A_IW_SLC__1SSV_20150406T115638_20150406T115706_005363_006CE0_8ECE,Sentinel-1A,C-SAR,IW,VV,ASCENDING,41,5363,83,27.029,91.7705,2511.2543115615845,https://datapool.asf.alaska.edu/SLC/SA/S1A_IW_SLC__1SSV_20150406T115638_20150406T115706_005363_006CE0_8ECE.zip,"POLYGON ((90.339249 27.660242, 90.705788 25.976454, 93.186363 26.387983, 92.859055 28.068861, 90.339249 27.660242))",unprocessed_interferograms_vegetation_decorrelation,UNAVAILABLE,REAL_SENTINEL1_INSAR,False
REAL-NER-006,2015-04-20 23:46:20+00:00,,,,False,S1A_IW_SLC__1SDV_20150420T234620_20150420T234647_005574_00721F_026B,Sentinel-1A,C-SAR,IW,VV+VH,DESCENDING,77,5574,503,26.8329,92.6234,4637.774242401123,https://datapool.asf.alaska.edu/SLC/SA/S1A_IW_SLC__1SDV_20150420T234620_20150420T234647_005574_00721F_026B.zip,"POLYGON ((93.693497 25.805197, 94.048653 27.438305, 91.530113 27.848099, 91.212669 26.217829, 93.693497 25.805197))",unprocessed_interferograms_vegetation_decorrelation,UNAVAILABLE,REAL_SENTINEL1_INSAR,False
REAL-NER-006,2015-04-30 11:56:40+00:00,,,,False,S1A_IW_SLC__1SSV_20150430T115640_20150430T115708_005713_007555_91C0,Sentinel-1A,C-SAR,IW,VV,ASCENDING,41,5713,83,27.0298,91.7691,2508.638970375061,https://datapool.asf.alaska.edu/SLC/SA/S1A_IW_SLC__1SSV_20150430T115640_20150430T115708_005713_007555_91C0.zip,"POLYGON ((90.337959 27.661066, 90.704514 25.97727, 93.184944 26.388784, 92.85762 28.06967, 90.337959 27.661066))",unprocessed_interferograms_vegetation_decorrelation,UNAVAILABLE,REAL_SENTINEL1_INSAR,False
REAL-NER-006,2015-05-14 23:46:22+00:00,,,,False,S1A_IW_SLC__1SDV_20150514T234622_20150514T234649_005924_007A1B_ACE0,Sentinel-1A,C-SAR,IW,VV+VH,DESCENDING,77,5924,503,26.8317,92.6243,4682.185764312744,https://datapool.asf.alaska.edu/SLC/SA/S1A_IW_SLC__1SDV_20150514T234622_20150514T234649_005924_007A1B_ACE0.zip,"POLYGON ((93.694511 25.804005, 94.049644 27.436972, 91.53083 27.846848, 91.213402 26.216721, 93.694511 25.804005))",unprocessed_interferograms_vegetation_decorrelation,UNAVAILABLE,REAL_SENTINEL1_INSAR,False
REAL-NER-006,2015-05-24 11:56:41+00:00,,,,False,S1A_IW_SLC__1SSV_20150524T115641_20150524T115709_006063_007D76_5A49,Sentinel-1A,C-SAR,IW,VV,ASCENDING,41,6063,83,27.0281,91.7693,2521.6432638168335,https://datapool.asf.alaska.edu/SLC/SA/S1A_IW_SLC__1SSV_20150524T115641_20150524T115709_006063_007D76_5A49.zip,"POLYGON ((90.338135 27.659199, 90.704674 25.975657, 93.185127 26.387232, 92.857811 28.067865, 90.338135 27.659199))",unprocessed_interferograms_vegetation_decorrelation,UNAVAILABLE,REAL_SENTINEL1_INSAR,False
REAL-NER-006,2015-06-07 23:46:24+00:00,,,,False,S1A_IW_SLC__1SDV_20150607T234624_20150607T234651_006274_008390_A5ED,Sentinel-1A,C-SAR,IW,VV+VH,DESCENDING,77,6274,503,26.8324,92.6225,4656.769836425781,https://datapool.asf.alaska.edu/SLC/SA/S1A_IW_SLC__1SDV_20150607T234624_20150607T234651_006274_008390_A5ED.zip,"POLYGON ((93.692566 25.80444, 94.047821 27.437908, 91.529144 27.847757, 91.211609 26.217129, 93.692566 25.80444))",unprocessed_interferograms_vegetation_decorrelation,UNAVAILABLE,REAL_SENTINEL1_INSAR,False
REAL-NER-006,2015-06-17 11:56:37+00:00,,,,False,S1A_IW_SLC__1SSV_20150617T115637_20150617T115705_006413_00877D_B044,Sentinel-1A,C-SAR,IW,VV,ASCENDING,41,6413,82,26.696,91.8282,2532.2218532562256,https://datapool.asf.alaska.edu/SLC/SA/S1A_IW_SLC__1SSV_20150617T115637_20150617T115705_006413_00877D_B044.zip,"POLYGON ((90.397263 27.32629, 90.763092 25.642601, 93.243988 26.056177, 92.916832 27.736925, 90.397263 27.32629))",unprocessed_interferograms_vegetation_decorrelation,UNAVAILABLE,REAL_SENTINEL1_INSAR,False
REAL-NER-006,2015-07-01 23:46:19+00:00,,,,False,S1A_IW_SLC__1SDV_20150701T234619_20150701T234648_006624_008D62_D5F1,Sentinel-1A,C-SAR,IW,VV+VH,DESCENDING,77,6624,501,27.082,92.6659,5136.038739204407,https://datapool.asf.alaska.edu/SLC/SA/S1A_IW_SLC__1SDV_20150701T234619_20150701T234648_006624_008D62_D5F1.zip,"POLYGON ((93.718025 25.971806, 94.109894 27.771244, 91.588844 28.179426, 91.238976 26.383089, 93.718025 25.971806))",unprocessed_interferograms_vegetation_decorrelation,UNAVAILABLE,REAL_SENTINEL1_INSAR,False
REAL-NER-006,2015-07-11 11:56:37+00:00,,,,False,S1A_IW_SLC__1SSV_20150711T115637_20150711T115705_006763_009133_0F95,Sentinel-1A,C-SAR,IW,VV,ASCENDING,41,6763,82,26.6956,91.8278,2535.235224723816,https://datapool.asf.alaska.edu/SLC/SA/S1A_IW_SLC__1SSV_20150711T115637_20150711T115705_006763_009133_0F95.zip,"POLYGON ((90.396896 27.325821, 90.762756 25.642136, 93.243683 26.055779, 92.916489 27.736523, 90.396896 27.325821))",unprocessed_interferograms_vegetation_decorrelation,UNAVAILABLE,REAL_SENTINEL1_INSAR,False
REAL-NER-006,2015-08-18 23:46:21+00:00,,,,False,S1A_IW_SLC__1SDV_20150818T234621_20150818T234651_007324_00A0E5_DABE,Sentinel-1A,C-SAR,IW,VV+VH,DESCENDING,77,7324,501,27.0839,92.6672,5160.138916969299,https://datapool.asf.alaska.edu/SLC/SA/S1A_IW_SLC__1SDV_20150818T234621_20150818T234651_007324_00A0E5_DABE.zip,"POLYGON ((93.719208 25.973898, 94.111 27.772852, 91.590218 28.181015, 91.24041 26.385162, 93.719208 25.973898))",unprocessed_interferograms_vegetation_decorrelation,UNAVAILABLE,REAL_SENTINEL1_INSAR,False
REAL-NER-006,2015-08-28 11:56:40+00:00,,,,False,S1A_IW_SLC__1SSV_20150828T115640_20150828T115708_007463_00A49C_751C,Sentinel-1A,C-SAR,IW,VV,ASCENDING,41,7463,82,26.6947,91.828,2533.2412090301514,https://datapool.asf.alaska.edu/SLC/SA/S1A_IW_SLC__1SSV_20150828T115640_20150828T115708_007463_00A49C_751C.zip,"POLYGON ((90.397079 27.325106, 90.762947 25.641159, 93.243744 26.054726, 92.91655 27.735729, 90.397079 27.325106))",unprocessed_interferograms_vegetation_decorrelation,UNAVAILABLE,REAL_SENTINEL1_INSAR,False
REAL-NER-006,2015-09-21 11:56:41+00:00,,,,False,S1A_IW_SLC__1SSV_20150921T115641_20150921T115709_007813_00AE02_8791,Sentinel-1A,C-SAR,IW,VV,ASCENDING,41,7813,82,26.6955,91.8272,2540.162781715393,https://datapool.asf.alaska.edu/SLC/SA/S1A_IW_SLC__1SSV_20150921T115641_20150921T115709_007813_00AE02_8791.zip,"POLYGON ((90.396332 27.325752, 90.76223 25.641932, 93.242996 26.055557, 92.915771 27.736435, 90.396332 27.325752))",unprocessed_interferograms_vegetation_decorrelation,UNAVAILABLE,REAL_SENTINEL1_INSAR,False
REAL-NER-006,2015-10-29 23:46:22+00:00,,,,False,S1A_IW_SLC__1SDV_20151029T234622_20151029T234652_008374_00BD32_C454,Sentinel-1A,C-SAR,IW,VV+VH,DESCENDING,77,8374,501,27.0839,92.6677,5095.2375593185425,https://datapool.asf.alaska.edu/SLC/SA/S1A_IW_SLC__1SDV_20151029T234622_20151029T234652_008374_00BD32_C454.zip,"POLYGON ((93.719955 25.973965, 94.111732 27.772888, 91.590622 28.181082, 91.240837 26.385258, 93.719955 25.973965))",unprocessed_interferograms_vegetation_decorrelation,UNAVAILABLE,REAL_SENTINEL1_INSAR,False
REAL-NER-006,2015-11-22 23:46:17+00:00,,,,False,S1A_IW_SLC__1SDV_20151122T234617_20151122T234647_008724_00C6C1_817B,Sentinel-1A,C-SAR,IW,VV+VH,DESCENDING,77,8724,500,27.4167,92.729,5067.773337364197,https://datapool.asf.alaska.edu/SLC/SA/S1A_IW_SLC__1SDV_20151122T234617_20151122T234647_008724_00C6C1_817B.zip,"POLYGON ((93.782768 26.307198, 94.175468 28.106325, 91.650063 28.51322, 91.300034 26.717159, 93.782768 26.307198))",unprocessed_interferograms_vegetation_decorrelation,UNAVAILABLE,REAL_SENTINEL1_INSAR,False
REAL-NER-006,2015-12-02 11:56:35+00:00,,,,False,S1A_IW_SLC__1SSV_20151202T115635_20151202T115703_008863_00CAA1_FA32,Sentinel-1A,C-SAR,IW,VV,ASCENDING,41,8863,81,26.3634,91.8947,2483.7225494384766,https://datapool.asf.alaska.edu/SLC/SA/S1A_IW_SLC__1SSV_20151202T115635_20151202T115703_008863_00CAA1_FA32.zip,"POLYGON ((90.468704 26.993504, 90.833702 25.309931, 93.305878 25.723938, 92.978867 27.404539, 90.468704 26.993504))",unprocessed_interferograms_vegetation_decorrelation,UNAVAILABLE,REAL_SENTINEL1_INSAR,False
REAL-NER-006,2015-12-02 11:57:01+00:00,,,,False,S1A_IW_SLC__1SSV_20151202T115701_20151202T115726_008863_00CAA1_9518,Sentinel-1A,C-SAR,IW,VV,ASCENDING,41,8863,86,27.8415,91.6327,2165.161421775818,https://datapool.asf.alaska.edu/SLC/SA/S1A_IW_SLC__1SSV_20151202T115701_20151202T115726_008863_00CAA1_9518.zip,"POLYGON ((90.217377 28.391647, 90.549232 26.874361, 93.034424 27.281229, 92.739197 28.795954, 90.217377 28.391647))",unprocessed_interferograms_vegetation_decorrelation,UNAVAILABLE,REAL_SENTINEL1_INSAR,False
REAL-NER-006,2015-12-16 23:46:16+00:00,,,,False,S1A_IW_SLC__1SDV_20151216T234616_20151216T234645_009074_00D087_357E,Sentinel-1A,C-SAR,IW,VV+VH,DESCENDING,77,9074,500,27.4172,92.7278,4992.728302955627,https://datapool.asf.alaska.edu/SLC/SA/S1A_IW_SLC__1SDV_20151216T234616_20151216T234645_009074_00D087_357E.zip,"POLYGON ((93.780998 26.307852, 94.173691 28.106968, 91.649345 28.513683, 91.299309 26.717634, 93.780998 26.307852))",unprocessed_interferograms_vegetation_decorrelation,UNAVAILABLE,REAL_SENTINEL1_INSAR,False
REAL-NER-006,2015-12-26 11:56:35+00:00,,,,False,S1A_IW_SLC__1SSV_20151226T115635_20151226T115702_009213_00D473_EC9A,Sentinel-1A,C-SAR,IW,VV,ASCENDING,41,9213,81,26.3915,91.8891,2386.2990865707397,https://datapool.asf.alaska.edu/SLC/SA/S1A_IW_SLC__1SSV_20151226T115635_20151226T115702_009213_00D473_EC9A.zip,"POLYGON ((90.469055 26.992874, 90.821602 25.366867, 93.295197 25.780746, 92.979401 27.403887, 90.469055 26.992874))",unprocessed_interferograms_vegetation_decorrelation,UNAVAILABLE,REAL_SENTINEL1_INSAR,False
REAL-NER-006,2015-12-26 11:57:00+00:00,,,,False,S1A_IW_SLC__1SSV_20151226T115700_20151226T115725_009213_00D473_49E7,Sentinel-1A,C-SAR,IW,VV,ASCENDING,41,9213,86,27.8408,91.6331,2164.402235031128,https://datapool.asf.alaska.edu/SLC/SA/S1A_IW_SLC__1SSV_20151226T115700_20151226T115725_009213_00D473_49E7.zip,"POLYGON ((90.217705 28.391003, 90.549545 26.873596, 93.034904 27.280443, 92.739693 28.795286, 90.217705 28.391003))",unprocessed_interferograms_vegetation_decorrelation,UNAVAILABLE,REAL_SENTINEL1_INSAR,False
REAL-NER-006,2016-01-09 23:46:15+00:00,,,,False,S1A_IW_SLC__1SDV_20160109T234615_20160109T234645_009424_00DA7C_3045,Sentinel-1A,C-SAR,IW,VV+VH,DESCENDING,77,9424,500,27.4181,92.7263,5001.3434381484985,https://datapool.asf.alaska.edu/SLC/SA/S1A_IW_SLC__1SDV_20160109T234615_20160109T234645_009424_00DA7C_3045.zip,"POLYGON ((93.779541 26.308989, 94.172066 28.107624, 91.647858 28.514244, 91.297974 26.718678, 93.779541 26.308989))",unprocessed_interferograms_vegetation_decorrelation,UNAVAILABLE,REAL_SENTINEL1_INSAR,False
REAL-NER-006,2016-01-19 11:56:34+00:00,,,,False,S1A_IW_SLC__1SSV_20160119T115634_20160119T115701_009563_00DE78_9A6D,Sentinel-1A,C-SAR,IW,VV,ASCENDING,41,9563,81,26.3911,91.8889,2385.006790161133,https://datapool.asf.alaska.edu/SLC/SA/S1A_IW_SLC__1SSV_20160119T115634_20160119T115701_009563_00DE78_9A6D.zip,"POLYGON ((90.468842 26.992428, 90.821449 25.366304, 93.295036 25.780245, 92.979172 27.4035, 90.468842 26.992428))",unprocessed_interferograms_vegetation_decorrelation,UNAVAILABLE,REAL_SENTINEL1_INSAR,False
REAL-NER-006,2016-01-19 11:56:59+00:00,,,,False,S1A_IW_SLC__1SSV_20160119T115659_20160119T115724_009563_00DE78_B16B,Sentinel-1A,C-SAR,IW,VV,ASCENDING,41,9563,86,27.8407,91.6327,2163.605938911438,https://datapool.asf.alaska.edu/SLC/SA/S1A_IW_SLC__1SSV_20160119T115659_20160119T115724_009563_00DE78_B16B.zip,"POLYGON ((90.217308 28.391171, 90.549294 26.873274, 93.034645 27.280182, 92.739304 28.795513, 90.217308 28.391171))",unprocessed_interferograms_vegetation_decorrelation,UNAVAILABLE,REAL_SENTINEL1_INSAR,False
REAL-NER-006,2016-02-02 23:46:14+00:00,,,,False,S1A_IW_SLC__1SDV_20160202T234614_20160202T234644_009774_00E4AD_032F,Sentinel-1A,C-SAR,IW,VV+VH,DESCENDING,77,9774,500,27.4181,92.7271,4982.919602394104,https://datapool.asf.alaska.edu/SLC/SA/S1A_IW_SLC__1SDV_20160202T234614_20160202T234644_009774_00E4AD_032F.zip,"POLYGON ((93.780319 26.308891, 94.172913 28.107645, 91.648689 28.514318, 91.298744 26.718632, 93.780319 26.308891))",unprocessed_interferograms_vegetation_decorrelation,UNAVAILABLE,REAL_SENTINEL1_INSAR,False
REAL-NER-006,2016-02-12 11:56:33+00:00,,,,False,S1A_IW_SLC__1SSV_20160212T115633_20160212T115700_009913_00E8B3_CD20,Sentinel-1A,C-SAR,IW,VV,ASCENDING,41,9913,81,26.3913,91.8893,2380.3819427490234,https://datapool.asf.alaska.edu/SLC/SA/S1A_IW_SLC__1SSV_20160212T115633_20160212T115700_009913_00E8B3_CD20.zip,"POLYGON ((90.469208 26.992912, 90.821915 25.36628, 93.295425 25.780195, 92.979477 27.403957, 90.469208 26.992912))",unprocessed_interferograms_vegetation_decorrelation,UNAVAILABLE,REAL_SENTINEL1_INSAR,False
REAL-NER-006,2016-02-12 11:56:58+00:00,,,,False,S1A_IW_SLC__1SSV_20160212T115658_20160212T115723_009913_00E8B3_D8A0,Sentinel-1A,C-SAR,IW,VV,ASCENDING,41,9913,86,27.841,91.6332,2165.055150985718,https://datapool.asf.alaska.edu/SLC/SA/S1A_IW_SLC__1SSV_20160212T115658_20160212T115723_009913_00E8B3_D8A0.zip,"POLYGON ((90.217819 28.391298, 90.549736 26.87364, 93.035011 27.280518, 92.739723 28.79561, 90.217819 28.391298))",unprocessed_interferograms_vegetation_decorrelation,UNAVAILABLE,REAL_SENTINEL1_INSAR,False
REAL-NER-006,2016-03-07 11:56:34+00:00,,,,False,S1A_IW_SLC__1SSV_20160307T115634_20160307T115701_010263_00F2BF_C342,Sentinel-1A,C-SAR,IW,VV,ASCENDING,41,10263,81,26.3917,91.8891,2376.0022296905518,https://datapool.asf.alaska.edu/SLC/SA/S1A_IW_SLC__1SSV_20160307T115634_20160307T115701_010263_00F2BF_C342.zip,"POLYGON ((90.46907 26.993109, 90.821625 25.366962, 93.295082 25.78083, 92.979271 27.404104, 90.46907 26.993109))",unprocessed_interferograms_vegetation_decorrelation,UNAVAILABLE,REAL_SENTINEL1_INSAR,False
REAL-NER-006,2016-03-07 11:56:58+00:00,,,,False,S1A_IW_SLC__1SSV_20160307T115658_20160307T115724_010263_00F2BF_2FF2,Sentinel-1A,C-SAR,IW,VV,ASCENDING,41,10263,86,27.8411,91.633,2163.2705631256104,https://datapool.asf.alaska.edu/SLC/SA/S1A_IW_SLC__1SSV_20160307T115658_20160307T115724_010263_00F2BF_2FF2.zip,"POLYGON ((90.217758 28.391253, 90.549561 26.873959, 93.034767 27.280787, 92.739586 28.795517, 90.217758 28.391253))",unprocessed_interferograms_vegetation_decorrelation,UNAVAILABLE,REAL_SENTINEL1_INSAR,False
REAL-NER-006,2016-03-21 23:46:15+00:00,,,,False,S1A_IW_SLC__1SDV_20160321T234615_20160321T234644_010474_00F8C5_0646,Sentinel-1A,C-SAR,IW,VV+VH,DESCENDING,77,10474,500,27.4184,92.7256,5028.297837257385,https://datapool.asf.alaska.edu/SLC/SA/S1A_IW_SLC__1SDV_20160321T234615_20160321T234644_010474_00F8C5_0646.zip,"POLYGON ((93.778709 26.309292, 94.171234 28.108076, 91.647308 28.51465, 91.297409 26.718935, 93.778709 26.309292))",unprocessed_interferograms_vegetation_decorrelation,UNAVAILABLE,REAL_SENTINEL1_INSAR,False
REAL-NER-006,2016-03-31 11:56:34+00:00,,,,False,S1A_IW_SLC__1SSV_20160331T115634_20160331T115701_010613_00FCB9_FCBC,Sentinel-1A,C-SAR,IW,VV,ASCENDING,41,10613,81,26.3905,91.8889,2395.4129886627197,https://datapool.asf.alaska.edu/SLC/SA/S1A_IW_SLC__1SSV_20160331T115634_20160331T115701_010613_00FCB9_FCBC.zip,"POLYGON ((90.468933 26.991844, 90.82151 25.365698, 93.294907 25.779612, 92.97905 27.402889, 90.468933 26.991844))",unprocessed_interferograms_vegetation_decorrelation,UNAVAILABLE,REAL_SENTINEL1_INSAR,False
REAL-NER-006,2016-03-31 11:56:59+00:00,,,,False,S1A_IW_SLC__1SSV_20160331T115659_20160331T115724_010613_00FCB9_7B90,Sentinel-1A,C-SAR,IW,VV,ASCENDING,41,10613,86,27.84,91.6326,2163.0116176605225,https://datapool.asf.alaska.edu/SLC/SA/S1A_IW_SLC__1SSV_20160331T115659_20160331T115724_010613_00FCB9_7B90.zip,"POLYGON ((90.217285 28.390451, 90.54924 26.872536, 93.034454 27.279428, 92.73912 28.794779, 90.217285 28.390451))",unprocessed_interferograms_vegetation_decorrelation,UNAVAILABLE,REAL_SENTINEL1_INSAR,False
REAL-NER-006,2016-04-14 23:46:15+00:00,,,,False,S1A_IW_SLC__1SDV_20160414T234615_20160414T234645_010824_010310_5CDA,Sentinel-1A,C-SAR,IW,VV+VH,DESCENDING,77,10824,500,27.4181,92.7268,5008.6970109939575,https://datapool.asf.alaska.edu/SLC/SA/S1A_IW_SLC__1SDV_20160414T234615_20160414T234645_010824_010310_5CDA.zip,"POLYGON ((93.779861 26.308744, 94.172508 28.107891, 91.648499 28.514545, 91.298485 26.71847, 93.779861 26.308744))",unprocessed_interferograms_vegetation_decorrelation,UNAVAILABLE,REAL_SENTINEL1_INSAR,False
REAL-NER-006,2016-04-24 11:56:35+00:00,,,,False,S1A_IW_SLC__1SSV_20160424T115635_20160424T115702_010963_01074B_057F,Sentinel-1A,C-SAR,IW,VV,ASCENDING,41,10963,81,26.3911,91.8898,2397.9270124435425,https://datapool.asf.alaska.edu/SLC/SA/S1A_IW_SLC__1SSV_20160424T115635_20160424T115702_010963_01074B_057F.zip,"POLYGON ((90.46991 26.992376, 90.822395 25.366463, 93.295677 25.780294, 92.979919 27.403337, 90.46991 26.992376))",unprocessed_interferograms_vegetation_decorrelation,UNAVAILABLE,REAL_SENTINEL1_INSAR,False
REAL-NER-006,2016-04-24 11:57:00+00:00,,,,False,S1A_IW_SLC__1SSV_20160424T115700_20160424T115725_010963_01074B_90FB,Sentinel-1A,C-SAR,IW,VV,ASCENDING,41,10963,86,27.8402,91.6336,2166.509044647217,https://datapool.asf.alaska.edu/SLC/SA/S1A_IW_SLC__1SSV_20160424T115700_20160424T115725_010963_01074B_90FB.zip,"POLYGON ((90.21846 28.390377, 90.550209 26.873192, 93.035309 27.280001, 92.740158 28.794621, 90.21846 28.390377))",unprocessed_interferograms_vegetation_decorrelation,UNAVAILABLE,REAL_SENTINEL1_INSAR,False
REAL-NER-006,2016-05-08 23:46:17+00:00,,,,False,S1A_IW_SLC__1SDV_20160508T234617_20160508T234646_011174_010DFC_D754,Sentinel-1A,C-SAR,IW,VV+VH,DESCENDING,77,11174,500,27.4178,92.7262,5023.638902664185,https://datapool.asf.alaska.edu/SLC/SA/S1A_IW_SLC__1SDV_20160508T234617_20160508T234646_011174_010DFC_D754.zip,"POLYGON ((93.779289 26.308359, 94.171951 28.107756, 91.647896 28.51438, 91.297867 26.718054, 93.779289 26.308359))",unprocessed_interferograms_vegetation_decorrelation,UNAVAILABLE,REAL_SENTINEL1_INSAR,False
REAL-NER-006,2016-05-18 11:56:39+00:00,,,,False,S1A_IW_SLC__1SSV_20160518T115639_20160518T115706_011313_011273_054B,Sentinel-1A,C-SAR,IW,VV,ASCENDING,41,11313,82,26.5567,91.8569,2413.071855545044,https://datapool.asf.alaska.edu/SLC/SA/S1A_IW_SLC__1SSV_20160518T115639_20160518T115706_011313_011273_054B.zip,"POLYGON ((90.434074 27.158091, 90.787056 25.531878, 93.265503 25.945667, 92.9496 27.569023, 90.434074 27.158091))",unprocessed_interferograms_vegetation_decorrelation,UNAVAILABLE,REAL_SENTINEL1_INSAR,False
REAL-NER-006,2016-06-01 23:46:18+00:00,,,,False,S1A_IW_SLC__1SDV_20160601T234618_20160601T234648_011524_01195C_980A,Sentinel-1A,C-SAR,IW,VV+VH,DESCENDING,77,11524,500,27.4187,92.7259,5053.122773170471,https://datapool.asf.alaska.edu/SLC/SA/S1A_IW_SLC__1SDV_20160601T234618_20160601T234648_011524_01195C_980A.zip,"POLYGON ((93.7789 26.309404, 94.171463 28.108442, 91.647659 28.514988, 91.297729 26.719021, 93.7789 26.309404))",unprocessed_interferograms_vegetation_decorrelation,UNAVAILABLE,REAL_SENTINEL1_INSAR,False
REAL-NER-006,2016-06-11 11:56:41+00:00,,,,False,S1A_IW_SLC__1SSV_20160611T115641_20160611T115708_011663_011DA3_B951,Sentinel-1A,C-SAR,IW,VV,ASCENDING,41,11663,82,26.558,91.8555,2417.6333684921265,https://datapool.asf.alaska.edu/SLC/SA/S1A_IW_SLC__1SSV_20160611T115641_20160611T115708_011663_011DA3_B951.zip,"POLYGON ((90.432693 27.159286, 90.785652 25.533325, 93.264183 25.947161, 92.948303 27.570265, 90.432693 27.159286))",unprocessed_interferograms_vegetation_decorrelation,UNAVAILABLE,REAL_SENTINEL1_INSAR,False
REAL-NER-006,2016-07-05 11:56:42+00:00,,,,False,S1A_IW_SLC__1SSV_20160705T115642_20160705T115709_012013_0128C2_0DCB,Sentinel-1A,C-SAR,IW,VV,ASCENDING,41,12013,82,26.5584,91.856,2413.9182081222534,https://datapool.asf.alaska.edu/SLC/SA/S1A_IW_SLC__1SSV_20160705T115642_20160705T115709_012013_0128C2_0DCB.zip,"POLYGON ((90.433258 27.159807, 90.786224 25.533588, 93.264694 25.947351, 92.948807 27.570713, 90.433258 27.159807))",unprocessed_interferograms_vegetation_decorrelation,UNAVAILABLE,REAL_SENTINEL1_INSAR,False
REAL-NER-006,2016-07-19 23:46:21+00:00,,,,False,S1A_IW_SLC__1SDV_20160719T234621_20160719T234650_012224_012FB2_0185,Sentinel-1A,C-SAR,IW,VV+VH,DESCENDING,77,12224,500,27.4175,92.7266,5087.552035331726,https://datapool.asf.alaska.edu/SLC/SA/S1A_IW_SLC__1SDV_20160719T234621_20160719T234650_012224_012FB2_0185.zip,"POLYGON ((93.7798 26.308325, 94.172302 28.107105, 91.648232 28.51371, 91.298347 26.718002, 93.7798 26.308325))",unprocessed_interferograms_vegetation_decorrelation,UNAVAILABLE,REAL_SENTINEL1_INSAR,False
REAL-NER-006,2016-07-29 11:56:42+00:00,,,,False,S1A_IW_SLC__1SSV_20160729T115642_20160729T115710_012363_013437_C105,Sentinel-1A,C-SAR,IW,VV,ASCENDING,41,12363,82,26.5301,91.8617,2494.980626106262,https://datapool.asf.alaska.edu/SLC/SA/S1A_IW_SLC__1SSV_20160729T115642_20160729T115710_012363_013437_C105.zip,"POLYGON ((90.432907 27.160076, 90.798256 25.476683, 93.275566 25.890617, 92.94854 27.571051, 90.432907 27.160076))",unprocessed_interferograms_vegetation_decorrelation,UNAVAILABLE,REAL_SENTINEL1_INSAR,False
REAL-NER-006,2016-08-12 23:46:22+00:00,,,,False,S1A_IW_SLC__1SDV_20160812T234622_20160812T234652_012574_013B43_6581,Sentinel-1A,C-SAR,IW,VV+VH,DESCENDING,77,12574,500,27.4174,92.727,5059.049957275391,https://datapool.asf.alaska.edu/SLC/SA/S1A_IW_SLC__1SDV_20160812T234622_20160812T234652_012574_013B43_6581.zip,"POLYGON ((93.780113 26.308113, 94.172684 28.10701, 91.648582 28.513668, 91.298637 26.717842, 93.780113 26.308113))",unprocessed_interferograms_vegetation_decorrelation,UNAVAILABLE,REAL_SENTINEL1_INSAR,False
REAL-NER-006,2016-08-22 11:56:45+00:00,,,,False,S1A_IW_SLC__1SSV_20160822T115645_20160822T115712_012713_013FDD_9AB3,Sentinel-1A,C-SAR,IW,VV,ASCENDING,41,12713,82,26.5586,91.8557,2412.5341291427612,https://datapool.asf.alaska.edu/SLC/SA/S1A_IW_SLC__1SSV_20160822T115645_20160822T115712_012713_013FDD_9AB3.zip,"POLYGON ((90.432922 27.160023, 90.785927 25.533804, 93.264336 25.947598, 92.94841 27.570961, 90.432922 27.160023))",unprocessed_interferograms_vegetation_decorrelation,UNAVAILABLE,REAL_SENTINEL1_INSAR,False
REAL-NER-006,2016-09-05 23:46:23+00:00,,,,False,S1A_IW_SLC__1SDV_20160905T234623_20160905T234653_012924_0146F3_FE13,Sentinel-1A,C-SAR,IW,VV+VH,DESCENDING,77,12924,500,27.4165,92.7269,5079.006134986877,https://datapool.asf.alaska.edu/SLC/SA/S1A_IW_SLC__1SDV_20160905T234623_20160905T234653_012924_0146F3_FE13.zip,"POLYGON ((93.780106 26.307343, 94.172638 28.106119, 91.648521 28.512764, 91.298615 26.717058, 93.780106 26.307343))",unprocessed_interferograms_vegetation_decorrelation,UNAVAILABLE,REAL_SENTINEL1_INSAR,False
REAL-NER-006,2016-09-15 11:56:45+00:00,,,,False,S1A_IW_SLC__1SSV_20160915T115645_20160915T115712_013063_014B5A_FE3D,Sentinel-1A,C-SAR,IW,VV,ASCENDING,41,13063,82,26.5581,91.8565,2409.741826057434,https://datapool.asf.alaska.edu/SLC/SA/S1A_IW_SLC__1SSV_20160915T115645_20160915T115712_013063_014B5A_FE3D.zip,"POLYGON ((90.433723 27.159439, 90.786659 25.533474, 93.265167 25.947262, 92.94931 27.57037, 90.433723 27.159439))",unprocessed_interferograms_vegetation_decorrelation,UNAVAILABLE,REAL_SENTINEL1_INSAR,False
REAL-NER-006,2016-09-29 23:46:24+00:00,,,,False,S1A_IW_SLC__1SDV_20160929T234624_20160929T234654_013274_01524C_CDDF,Sentinel-1A,C-SAR,IW,VV+VH,DESCENDING,77,13274,500,27.417,92.726,5073.8363580703735,https://datapool.asf.alaska.edu/SLC/SA/S1A_IW_SLC__1SDV_20160929T234624_20160929T234654_013274_01524C_CDDF.zip,"POLYGON ((93.77919 26.307844, 94.1717 28.106615, 91.647514 28.513231, 91.29763 26.717533, 93.77919 26.307844))",unprocessed_interferograms_vegetation_decorrelation,UNAVAILABLE,REAL_SENTINEL1_INSAR,False
REAL-NER-006,2016-10-09 11:56:45+00:00,,,,False,S1A_IW_SLC__1SSV_20161009T115645_20161009T115713_013413_0156A2_F9CC,Sentinel-1A,C-SAR,IW,VV,ASCENDING,41,13413,82,26.5304,91.8609,2512.6965112686157,https://datapool.asf.alaska.edu/SLC/SA/S1A_IW_SLC__1SSV_20161009T115645_20161009T115713_013413_0156A2_F9CC.zip,"POLYGON ((90.432014 27.160503, 90.797478 25.476746, 93.274811 25.890694, 92.947693 27.571493, 90.432014 27.160503))",unprocessed_interferograms_vegetation_decorrelation,UNAVAILABLE,REAL_SENTINEL1_INSAR,False
REAL-NER-007,2015-01-02 23:47:11+00:00,,,,False,S1A_IW_SLC__1SDV_20150102T234711_20150102T234738_003999_004D11_2610,Sentinel-1A,C-SAR,IW,VV+VH,DESCENDING,77,3999,513,23.7869,91.9879,4601.885799407959,https://datapool.asf.alaska.edu/SLC/SA/S1A_IW_SLC__1SDV_20150102T234711_20150102T234738_003999_004D11_2610.zip,"POLYGON ((93.027298 22.76062, 93.373909 24.38792, 90.928574 24.802076, 90.6138 23.177919, 93.027298 22.76062))",unprocessed_interferograms_vegetation_decorrelation,UNAVAILABLE,REAL_SENTINEL1_INSAR,False
REAL-NER-007,2015-01-12 11:55:49+00:00,,,,False,S1A_IW_SLC__1SSV_20150112T115549_20150112T115616_004138_00503F_1259,Sentinel-1A,C-SAR,IW,VV,ASCENDING,41,4138,73,24.005,92.3771,2408.9375400543213,https://datapool.asf.alaska.edu/SLC/SA/S1A_IW_SLC__1SSV_20150112T115549_20150112T115616_004138_00503F_1259.zip,"POLYGON ((90.985039 24.605013, 91.33226 22.978336, 93.756996 23.396734, 93.442108 25.020302, 90.985039 24.605013))",unprocessed_interferograms_vegetation_decorrelation,UNAVAILABLE,REAL_SENTINEL1_INSAR,False
REAL-NER-007,2015-01-26 23:47:10+00:00,,,,False,S1A_IW_SLC__1SDV_20150126T234710_20150126T234737_004349_0054E2_0E9E,Sentinel-1A,C-SAR,IW,VV+VH,DESCENDING,77,4349,513,23.7867,91.9889,4584.070697784424,https://datapool.asf.alaska.edu/SLC/SA/S1A_IW_SLC__1SDV_20150126T234710_20150126T234737_004349_0054E2_0E9E.zip,"POLYGON ((93.028419 22.760527, 93.375015 24.387566, 90.929588 24.80179, 90.614822 23.177893, 93.028419 22.760527))",unprocessed_interferograms_vegetation_decorrelation,UNAVAILABLE,REAL_SENTINEL1_INSAR,False
REAL-NER-007,2015-02-05 11:55:48+00:00,,,,False,S1A_IW_SLC__1SSV_20150205T115548_20150205T115615_004488_005811_4DEB,Sentinel-1A,C-SAR,IW,VV,ASCENDING,41,4488,73,24.0047,92.3785,2410.5710620880127,https://datapool.asf.alaska.edu/SLC/SA/S1A_IW_SLC__1SSV_20150205T115548_20150205T115615_004488_005811_4DEB.zip,"POLYGON ((90.98632 24.604753, 91.333488 22.978085, 93.758469 23.396463, 93.443626 25.020023, 90.98632 24.604753))",unprocessed_interferograms_vegetation_decorrelation,UNAVAILABLE,REAL_SENTINEL1_INSAR,False
REAL-NER-007,2015-03-03 23:47:10+00:00,,,,False,S1A_IW_SLC__1SDV_20150303T234710_20150303T234737_004874_006130_A14D,Sentinel-1A,C-SAR,IW,VV+VH,DESCENDING,77,4874,513,23.7864,91.988,4596.739686965942,https://datapool.asf.alaska.edu/SLC/SA/S1A_IW_SLC__1SDV_20150303T234710_20150303T234737_004874_006130_A14D.zip,"POLYGON ((93.027321 22.76026, 93.373856 24.387201, 90.928741 24.801323, 90.614037 23.177523, 93.027321 22.76026))",unprocessed_interferograms_vegetation_decorrelation,UNAVAILABLE,REAL_SENTINEL1_INSAR,False
REAL-NER-007,2015-03-13 11:55:48+00:00,,,,False,S1A_IW_SLC__1SSV_20150313T115548_20150313T115615_005013_00648C_94BB,Sentinel-1A,C-SAR,IW,VV,ASCENDING,41,5013,73,24.0039,92.3773,2407.975214958191,https://datapool.asf.alaska.edu/SLC/SA/S1A_IW_SLC__1SSV_20150313T115548_20150313T115615_005013_00648C_94BB.zip,"POLYGON ((90.985161 24.603767, 91.332329 22.97735, 93.757233 23.395794, 93.442383 25.019104, 90.985161 24.603767))",unprocessed_interferograms_vegetation_decorrelation,UNAVAILABLE,REAL_SENTINEL1_INSAR,False
REAL-NER-007,2015-03-27 23:47:10+00:00,,,,False,S1A_IW_SLC__1SDV_20150327T234710_20150327T234737_005224_00698F_B3AC,Sentinel-1A,C-SAR,IW,VV+VH,DESCENDING,77,5224,513,23.7869,91.9892,4573.231502532959,https://datapool.asf.alaska.edu/SLC/SA/S1A_IW_SLC__1SDV_20150327T234710_20150327T234737_005224_00698F_B3AC.zip,"POLYGON ((93.02858 22.76067, 93.375175 24.38773, 90.930016 24.801905, 90.61525 23.177988, 93.02858 22.76067))",unprocessed_interferograms_vegetation_decorrelation,UNAVAILABLE,REAL_SENTINEL1_INSAR,False
REAL-NER-007,2015-04-06 11:55:49+00:00,,,,False,S1A_IW_SLC__1SSV_20150406T115549_20150406T115615_005363_006CE0_0F37,Sentinel-1A,C-SAR,IW,VV,ASCENDING,41,5363,73,24.0035,92.3784,2434.2850017547607,https://datapool.asf.alaska.edu/SLC/SA/S1A_IW_SLC__1SSV_20150406T115549_20150406T115615_005363_006CE0_0F37.zip,"POLYGON ((90.986267 24.603605, 91.333427 22.976934, 93.758362 23.395315, 93.44352 25.018875, 90.986267 24.603605))",unprocessed_interferograms_vegetation_decorrelation,UNAVAILABLE,REAL_SENTINEL1_INSAR,False
REAL-NER-007,2015-05-14 23:47:12+00:00,,,,False,S1A_IW_SLC__1SDV_20150514T234712_20150514T234739_005924_007A1B_F111,Sentinel-1A,C-SAR,IW,VV+VH,DESCENDING,77,5924,513,23.7854,91.9915,4692.217457771301,https://datapool.asf.alaska.edu/SLC/SA/S1A_IW_SLC__1SDV_20150514T234712_20150514T234739_005924_007A1B_F111.zip,"POLYGON ((93.031372 22.759123, 93.377937 24.386045, 90.931725 24.800428, 90.616989 23.176649, 93.031372 22.759123))",unprocessed_interferograms_vegetation_decorrelation,UNAVAILABLE,REAL_SENTINEL1_INSAR,False
REAL-NER-007,2015-05-24 11:55:51+00:00,,,,False,S1A_IW_SLC__1SSV_20150524T115551_20150524T115618_006063_007D76_BAAF,Sentinel-1A,C-SAR,IW,VV,ASCENDING,41,6063,73,24.0038,92.3774,2455.8319120407104,https://datapool.asf.alaska.edu/SLC/SA/S1A_IW_SLC__1SSV_20150524T115551_20150524T115618_006063_007D76_BAAF.zip,"POLYGON ((90.985466 24.60358, 91.332542 22.977528, 93.757225 23.39592, 93.442467 25.018864, 90.985466 24.60358))",unprocessed_interferograms_vegetation_decorrelation,UNAVAILABLE,REAL_SENTINEL1_INSAR,False
REAL-NER-007,2015-06-07 23:47:14+00:00,,,,False,S1A_IW_SLC__1SDV_20150607T234714_20150607T234741_006274_008390_3504,Sentinel-1A,C-SAR,IW,VV+VH,DESCENDING,77,6274,513,23.7854,91.9895,4637.082632064819,https://datapool.asf.alaska.edu/SLC/SA/S1A_IW_SLC__1SDV_20150607T234714_20150607T234741_006274_008390_3504.zip,"POLYGON ((93.029312 22.759171, 93.375923 24.386225, 90.929871 24.800579, 90.615097 23.176666, 93.029312 22.759171))",unprocessed_interferograms_vegetation_decorrelation,UNAVAILABLE,REAL_SENTINEL1_INSAR,False
REAL-NER-007,2015-06-17 11:55:47+00:00,,,,False,S1A_IW_SLC__1SSV_20150617T115547_20150617T115614_006413_00877D_863B,Sentinel-1A,C-SAR,IW,VV,ASCENDING,41,6413,72,23.6725,92.447,2464.941209793091,https://datapool.asf.alaska.edu/SLC/SA/S1A_IW_SLC__1SSV_20150617T115547_20150617T115614_006413_00877D_863B.zip,"POLYGON ((91.057808 24.272068, 91.404228 22.645647, 93.824303 23.064892, 93.509636 24.688164, 91.057808 24.272068))",unprocessed_interferograms_vegetation_decorrelation,UNAVAILABLE,REAL_SENTINEL1_INSAR,False
REAL-NER-007,2015-07-01 23:47:11+00:00,,,,False,S1A_IW_SLC__1SDV_20150701T234711_20150701T234739_006624_008D62_EC8F,Sentinel-1A,C-SAR,IW,VV+VH,DESCENDING,77,6624,512,23.9802,92.0273,4748.466985702515,https://datapool.asf.alaska.edu/SLC/SA/S1A_IW_SLC__1SDV_20150701T234711_20150701T234739_006624_008D62_EC8F.zip,"POLYGON ((93.061691 22.926079, 93.420662 24.609554, 90.972511 25.022997, 90.646805 23.342752, 93.061691 22.926079))",unprocessed_interferograms_vegetation_decorrelation,UNAVAILABLE,REAL_SENTINEL1_INSAR,False
REAL-NER-007,2015-07-11 11:55:48+00:00,,,,False,S1A_IW_SLC__1SSV_20150711T115548_20150711T115615_006763_009133_DF35,Sentinel-1A,C-SAR,IW,VV,ASCENDING,41,6763,72,23.6722,92.4467,2466.1603994369507,https://datapool.asf.alaska.edu/SLC/SA/S1A_IW_SLC__1SSV_20150711T115548_20150711T115615_006763_009133_DF35.zip,"POLYGON ((91.057472 24.27173, 91.403893 22.645441, 93.824013 23.064751, 93.509338 24.687893, 91.057472 24.27173))",unprocessed_interferograms_vegetation_decorrelation,UNAVAILABLE,REAL_SENTINEL1_INSAR,False
REAL-NER-007,2015-08-18 23:47:14+00:00,,,,False,S1A_IW_SLC__1SDV_20150818T234714_20150818T234741_007324_00A0E5_922D,Sentinel-1A,C-SAR,IW,VV+VH,DESCENDING,77,7324,512,23.9819,92.0289,4787.620450019836,https://datapool.asf.alaska.edu/SLC/SA/S1A_IW_SLC__1SDV_20150818T234714_20150818T234741_007324_00A0E5_922D.zip,"POLYGON ((93.063171 22.92771, 93.422188 24.611317, 90.974113 25.024776, 90.648361 23.344398, 93.063171 22.92771))",unprocessed_interferograms_vegetation_decorrelation,UNAVAILABLE,REAL_SENTINEL1_INSAR,False
REAL-NER-007,2015-08-28 11:55:50+00:00,,,,False,S1A_IW_SLC__1SSV_20150828T115550_20150828T115617_007463_00A49C_0CCC,Sentinel-1A,C-SAR,IW,VV,ASCENDING,41,7463,72,23.671,92.4468,2464.0222396850586,https://datapool.asf.alaska.edu/SLC/SA/S1A_IW_SLC__1SSV_20150828T115550_20150828T115617_007463_00A49C_0CCC.zip,"POLYGON ((91.057648 24.27062, 91.404037 22.644196, 93.824066 23.063437, 93.509415 24.686714, 91.057648 24.27062))",unprocessed_interferograms_vegetation_decorrelation,UNAVAILABLE,REAL_SENTINEL1_INSAR,False
REAL-NER-007,2015-09-09 11:55:44+00:00,,,,False,S1A_IW_SLC__1SSV_20150909T115544_20150909T115611_007638_00A96A_C1CA,Sentinel-1A,C-SAR,IW,VV,ASCENDING,41,7638,71,23.2853,92.5237,2459.147035598755,https://datapool.asf.alaska.edu/SLC/SA/S1A_IW_SLC__1SSV_20150909T115544_20150909T115611_007638_00A96A_C1CA.zip,"POLYGON ((91.141205 23.889095, 91.488503 22.254845, 93.894386 22.673716, 93.578209 24.304777, 91.141205 23.889095))",unprocessed_interferograms_vegetation_decorrelation,UNAVAILABLE,REAL_SENTINEL1_INSAR,False
REAL-NER-007,2015-09-09 11:56:09+00:00,,,,False,S1A_IW_SLC__1SSV_20150909T115609_20150909T115636_007638_00A96A_036A,Sentinel-1A,C-SAR,IW,VV,ASCENDING,41,7638,76,24.7828,92.2175,2403.172101020813,https://datapool.asf.alaska.edu/SLC/SA/S1A_IW_SLC__1SSV_20150909T115609_20150909T115636_007638_00A96A_036A.zip,"POLYGON ((90.818611 25.387081, 91.168839 23.753864, 93.603661 24.169905, 93.287224 25.800081, 90.818611 25.387081))",unprocessed_interferograms_vegetation_decorrelation,UNAVAILABLE,REAL_SENTINEL1_INSAR,False
REAL-NER-007,2015-09-21 11:55:51+00:00,,,,False,S1A_IW_SLC__1SSV_20150921T115551_20150921T115618_007813_00AE02_8437,Sentinel-1A,C-SAR,IW,VV,ASCENDING,41,7813,72,23.6712,92.4463,2467.000771522522,https://datapool.asf.alaska.edu/SLC/SA/S1A_IW_SLC__1SSV_20150921T115551_20150921T115618_007813_00AE02_8437.zip,"POLYGON ((91.057045 24.271021, 91.403595 22.6441, 93.823555 23.063396, 93.508751 24.68717, 91.057045 24.271021))",unprocessed_interferograms_vegetation_decorrelation,UNAVAILABLE,REAL_SENTINEL1_INSAR,False
REAL-NER-007,2015-10-29 23:47:15+00:00,,,,False,S1A_IW_SLC__1SDV_20151029T234715_20151029T234743_008374_00BD32_A45D,Sentinel-1A,C-SAR,IW,VV+VH,DESCENDING,77,8374,512,23.9818,92.0295,4792.215901374817,https://datapool.asf.alaska.edu/SLC/SA/S1A_IW_SLC__1SDV_20151029T234715_20151029T234743_008374_00BD32_A45D.zip,"POLYGON ((93.063919 22.92757, 93.422958 24.611275, 90.974564 25.024765, 90.648804 23.34429, 93.063919 22.92757))",unprocessed_interferograms_vegetation_decorrelation,UNAVAILABLE,REAL_SENTINEL1_INSAR,False
REAL-NER-007,2015-11-22 23:47:09+00:00,,,,False,S1A_IW_SLC__1SDV_20151122T234709_20151122T234737_008724_00C6C1_DA8C,Sentinel-1A,C-SAR,IW,VV+VH,DESCENDING,77,8724,511,24.313,92.1011,4745.1639795303345,https://datapool.asf.alaska.edu/SLC/SA/S1A_IW_SLC__1SDV_20151122T234709_20151122T234737_008724_00C6C1_DA8C.zip,"POLYGON ((93.139465 23.258827, 93.499298 24.9424, 91.04187 25.355717, 90.715965 23.675337, 93.139465 23.258827))",unprocessed_interferograms_vegetation_decorrelation,UNAVAILABLE,REAL_SENTINEL1_INSAR,False
REAL-NER-007,2015-12-02 11:55:45+00:00,,,,False,S1A_IW_SLC__1SSV_20151202T115545_20151202T115612_008863_00CAA1_0986,Sentinel-1A,C-SAR,IW,VV,ASCENDING,41,8863,71,23.3398,92.5126,2413.8091974258423,https://datapool.asf.alaska.edu/SLC/SA/S1A_IW_SLC__1SSV_20151202T115545_20151202T115612_008863_00CAA1_0986.zip,"POLYGON ((91.127533 23.939367, 91.473434 22.312588, 93.886024 22.732336, 93.571289 24.355942, 91.127533 23.939367))",unprocessed_interferograms_vegetation_decorrelation,UNAVAILABLE,REAL_SENTINEL1_INSAR,False
REAL-NER-007,2015-12-16 23:47:09+00:00,,,,False,S1A_IW_SLC__1SDV_20151216T234709_20151216T234736_009074_00D087_E3C9,Sentinel-1A,C-SAR,IW,VV+VH,DESCENDING,77,9074,511,24.2847,92.0964,4530.910305023193,https://datapool.asf.alaska.edu/SLC/SA/S1A_IW_SLC__1SDV_20151216T234709_20151216T234736_009074_00D087_E3C9.zip,"POLYGON ((93.140541 23.258863, 93.488197 24.885603, 91.031792 25.299091, 90.716866 23.675438, 93.140541 23.258863))",unprocessed_interferograms_vegetation_decorrelation,UNAVAILABLE,REAL_SENTINEL1_INSAR,False
REAL-NER-007,2015-12-26 11:55:44+00:00,,,,False,S1A_IW_SLC__1SSV_20151226T115544_20151226T115611_009213_00D473_AFD6,Sentinel-1A,C-SAR,IW,VV,ASCENDING,41,9213,71,23.339,92.513,2408.909546852112,https://datapool.asf.alaska.edu/SLC/SA/S1A_IW_SLC__1SSV_20151226T115544_20151226T115611_009213_00D473_AFD6.zip,"POLYGON ((91.127838 23.938623, 91.473724 22.311726, 93.886482 22.731453, 93.57177 24.355177, 91.127838 23.938623))",unprocessed_interferograms_vegetation_decorrelation,UNAVAILABLE,REAL_SENTINEL1_INSAR,False
REAL-NER-007,2016-01-09 23:47:08+00:00,,,,False,S1A_IW_SLC__1SDV_20160109T234708_20160109T234735_009424_00DA7C_C950,Sentinel-1A,C-SAR,IW,VV+VH,DESCENDING,77,9424,511,24.2855,92.0951,4527.059476852417,https://datapool.asf.alaska.edu/SLC/SA/S1A_IW_SLC__1SDV_20160109T234708_20160109T234735_009424_00DA7C_C950.zip,"POLYGON ((93.139282 23.259825, 93.486839 24.886332, 91.03051 25.299738, 90.715675 23.676317, 93.139282 23.259825))",unprocessed_interferograms_vegetation_decorrelation,UNAVAILABLE,REAL_SENTINEL1_INSAR,False
REAL-NER-007,2016-01-19 11:55:44+00:00,,,,False,S1A_IW_SLC__1SSV_20160119T115544_20160119T115610_009563_00DE78_8E09,Sentinel-1A,C-SAR,IW,VV,ASCENDING,41,9563,71,23.3385,92.5129,2403.804383277893,https://datapool.asf.alaska.edu/SLC/SA/S1A_IW_SLC__1SSV_20160119T115544_20160119T115610_009563_00DE78_8E09.zip,"POLYGON ((91.127724 23.938063, 91.473625 22.311302, 93.886375 22.731087, 93.57164 24.354677, 91.127724 23.938063))",unprocessed_interferograms_vegetation_decorrelation,UNAVAILABLE,REAL_SENTINEL1_INSAR,False
REAL-NER-007,2016-02-02 23:47:08+00:00,,,,False,S1A_IW_SLC__1SDV_20160202T234708_20160202T234735_009774_00E4AD_BDE4,Sentinel-1A,C-SAR,IW,VV+VH,DESCENDING,77,9774,511,24.2858,92.0959,4531.445207595825,https://datapool.asf.alaska.edu/SLC/SA/S1A_IW_SLC__1SDV_20160202T234708_20160202T234735_009774_00E4AD_BDE4.zip,"POLYGON ((93.140053 23.259983, 93.487694 24.886734, 91.031342 25.300192, 90.716431 23.676529, 93.140053 23.259983))",unprocessed_interferograms_vegetation_decorrelation,UNAVAILABLE,REAL_SENTINEL1_INSAR,False
REAL-NER-007,2016-02-12 11:55:43+00:00,,,,False,S1A_IW_SLC__1SSV_20160212T115543_20160212T115610_009913_00E8B3_8E9D,Sentinel-1A,C-SAR,IW,VV,ASCENDING,41,9913,71,23.3384,92.5133,2410.7920141220093,https://datapool.asf.alaska.edu/SLC/SA/S1A_IW_SLC__1SSV_20160212T115543_20160212T115610_009913_00E8B3_8E9D.zip,"POLYGON ((91.128174 23.938034, 91.474052 22.311258, 93.886749 22.731022, 93.572021 24.354624, 91.128174 23.938034))",unprocessed_interferograms_vegetation_decorrelation,UNAVAILABLE,REAL_SENTINEL1_INSAR,False
REAL-NER-007,2016-03-07 11:55:43+00:00,,,,False,S1A_IW_SLC__1SSV_20160307T115543_20160307T115610_010263_00F2BF_DC7B,Sentinel-1A,C-SAR,IW,VV,ASCENDING,41,10263,71,23.3388,92.513,2409.681179046631,https://datapool.asf.alaska.edu/SLC/SA/S1A_IW_SLC__1SSV_20160307T115543_20160307T115610_010263_00F2BF_DC7B.zip,"POLYGON ((91.127907 23.938461, 91.473778 22.311552, 93.886414 22.73127, 93.571701 24.355003, 91.127907 23.938461))",unprocessed_interferograms_vegetation_decorrelation,UNAVAILABLE,REAL_SENTINEL1_INSAR,False
REAL-NER-007,2016-03-21 23:47:08+00:00,,,,False,S1A_IW_SLC__1SDV_20160321T234708_20160321T234735_010474_00F8C5_15F9,Sentinel-1A,C-SAR,IW,VV+VH,DESCENDING,77,10474,511,24.2859,92.0945,4612.9763860702515,https://datapool.asf.alaska.edu/SLC/SA/S1A_IW_SLC__1SDV_20160321T234708_20160321T234735_010474_00F8C5_15F9.zip,"POLYGON ((93.138573 23.260202, 93.486137 24.886854, 91.030098 25.300213, 90.715256 23.676649, 93.138573 23.260202))",unprocessed_interferograms_vegetation_decorrelation,UNAVAILABLE,REAL_SENTINEL1_INSAR,False
REAL-NER-007,2016-03-31 11:55:44+00:00,,,,False,S1A_IW_SLC__1SSV_20160331T115544_20160331T115611_010613_00FCB9_9568,Sentinel-1A,C-SAR,IW,VV,ASCENDING,41,10613,71,23.3379,92.5128,2425.13081073761,https://datapool.asf.alaska.edu/SLC/SA/S1A_IW_SLC__1SSV_20160331T115544_20160331T115611_010613_00FCB9_9568.zip,"POLYGON ((91.127762 23.937443, 91.473602 22.310781, 93.8862 22.730549, 93.571503 24.354034, 91.127762 23.937443))",unprocessed_interferograms_vegetation_decorrelation,UNAVAILABLE,REAL_SENTINEL1_INSAR,False
REAL-NER-007,2016-04-14 23:47:09+00:00,,,,False,S1A_IW_SLC__1SDV_20160414T234709_20160414T234736_010824_010310_194B,Sentinel-1A,C-SAR,IW,VV+VH,DESCENDING,77,10824,511,24.2858,92.0956,4616.159049987793,https://datapool.asf.alaska.edu/SLC/SA/S1A_IW_SLC__1SDV_20160414T234709_20160414T234736_010824_010310_194B.zip,"POLYGON ((93.139687 23.260054, 93.487289 24.886696, 91.03112 25.300142, 90.716232 23.676588, 93.139687 23.260054))",unprocessed_interferograms_vegetation_decorrelation,UNAVAILABLE,REAL_SENTINEL1_INSAR,False
REAL-NER-007,2016-04-24 11:55:45+00:00,,,,False,S1A_IW_SLC__1SSV_20160424T115545_20160424T115612_010963_01074B_98B8,Sentinel-1A,C-SAR,IW,VV,ASCENDING,41,10963,71,23.3383,92.5136,2418.414068222046,https://datapool.asf.alaska.edu/SLC/SA/S1A_IW_SLC__1SSV_20160424T115545_20160424T115612_010963_01074B_98B8.zip,"POLYGON ((91.128654 23.937948, 91.47448 22.311148, 93.886963 22.730833, 93.572281 24.354456, 91.128654 23.937948))",unprocessed_interferograms_vegetation_decorrelation,UNAVAILABLE,REAL_SENTINEL1_INSAR,False
REAL-NER-007,2016-05-08 23:47:10+00:00,,,,False,S1A_IW_SLC__1SDV_20160508T234710_20160508T234737_011174_010DFC_7F8B,Sentinel-1A,C-SAR,IW,VV+VH,DESCENDING,77,11174,511,24.2851,92.0949,4561.178015708923,https://datapool.asf.alaska.edu/SLC/SA/S1A_IW_SLC__1SDV_20160508T234710_20160508T234737_011174_010DFC_7F8B.zip,"POLYGON ((93.13903 23.2593, 93.486626 24.88607, 91.030449 25.299482, 90.715561 23.675802, 93.13903 23.2593))",unprocessed_interferograms_vegetation_decorrelation,UNAVAILABLE,REAL_SENTINEL1_INSAR,False
REAL-NER-007,2016-05-18 11:55:48+00:00,,,,False,S1A_IW_SLC__1SSV_20160518T115548_20160518T115615_011313_011273_4075,Sentinel-1A,C-SAR,IW,VV,ASCENDING,41,11313,72,23.5043,92.4811,2448.9413080215454,https://datapool.asf.alaska.edu/SLC/SA/S1A_IW_SLC__1SSV_20160518T115548_20160518T115615_011313_011273_4075.zip,"POLYGON ((91.093605 24.1038, 91.439697 22.47731, 93.856773 22.896929, 93.54213 24.520256, 91.093605 24.1038))",unprocessed_interferograms_vegetation_decorrelation,UNAVAILABLE,REAL_SENTINEL1_INSAR,False
REAL-NER-007,2016-06-01 23:47:11+00:00,,,,False,S1A_IW_SLC__1SDV_20160601T234711_20160601T234738_011524_01195C_20B9,Sentinel-1A,C-SAR,IW,VV+VH,DESCENDING,77,11524,511,24.2858,92.0947,4525.442520141602,https://datapool.asf.alaska.edu/SLC/SA/S1A_IW_SLC__1SDV_20160601T234711_20160601T234738_011524_01195C_20B9.zip,"POLYGON ((93.138748 23.259924, 93.486374 24.886953, 91.03038 25.300299, 90.715469 23.676361, 93.138748 23.259924))",unprocessed_interferograms_vegetation_decorrelation,UNAVAILABLE,REAL_SENTINEL1_INSAR,False
REAL-NER-007,2016-06-11 11:55:50+00:00,,,,False,S1A_IW_SLC__1SSV_20160611T115550_20160611T115617_011663_011DA3_63A1,Sentinel-1A,C-SAR,IW,VV,ASCENDING,41,11663,72,23.5057,92.4798,2444.464044570923,https://datapool.asf.alaska.edu/SLC/SA/S1A_IW_SLC__1SSV_20160611T115550_20160611T115617_011663_011DA3_63A1.zip,"POLYGON ((91.092255 24.105131, 91.438347 22.478769, 93.855476 22.898428, 93.540833 24.521626, 91.092255 24.105131))",unprocessed_interferograms_vegetation_decorrelation,UNAVAILABLE,REAL_SENTINEL1_INSAR,False
REAL-NER-007,2016-07-05 11:55:51+00:00,,,,False,S1A_IW_SLC__1SSV_20160705T115551_20160705T115618_012013_0128C2_B7D2,Sentinel-1A,C-SAR,IW,VV,ASCENDING,41,12013,72,23.506,92.4803,2445.530960083008,https://datapool.asf.alaska.edu/SLC/SA/S1A_IW_SLC__1SSV_20160705T115551_20160705T115618_012013_0128C2_B7D2.zip,"POLYGON ((91.092766 24.105509, 91.438873 22.478891, 93.855934 22.898478, 93.541283 24.521933, 91.092766 24.105509))",unprocessed_interferograms_vegetation_decorrelation,UNAVAILABLE,REAL_SENTINEL1_INSAR,False
REAL-NER-007,2016-07-19 23:47:14+00:00,,,,False,S1A_IW_SLC__1SDV_20160719T234714_20160719T234741_012224_012FB2_D3D7,Sentinel-1A,C-SAR,IW,VV+VH,DESCENDING,77,12224,511,24.2849,92.0954,4484.91944694519,https://datapool.asf.alaska.edu/SLC/SA/S1A_IW_SLC__1SDV_20160719T234714_20160719T234741_012224_012FB2_D3D7.zip,"POLYGON ((93.139511 23.259148, 93.487083 24.88592, 91.030952 25.299299, 90.716095 23.675619, 93.139511 23.259148))",unprocessed_interferograms_vegetation_decorrelation,UNAVAILABLE,REAL_SENTINEL1_INSAR,False
REAL-NER-007,2016-07-29 11:55:53+00:00,,,,False,S1A_IW_SLC__1SSV_20160729T115553_20160729T115620_012363_013437_3401,Sentinel-1A,C-SAR,IW,VV,ASCENDING,41,12363,72,23.5064,92.4801,2445.4683656692505,https://datapool.asf.alaska.edu/SLC/SA/S1A_IW_SLC__1SSV_20160729T115553_20160729T115620_012363_013437_3401.zip,"POLYGON ((91.092514 24.105932, 91.438667 22.479324, 93.855789 22.898973, 93.5411 24.522417, 91.092514 24.105932))",unprocessed_interferograms_vegetation_decorrelation,UNAVAILABLE,REAL_SENTINEL1_INSAR,False
REAL-NER-007,2016-08-12 23:47:15+00:00,,,,False,S1A_IW_SLC__1SDV_20160812T234715_20160812T234742_012574_013B43_4993,Sentinel-1A,C-SAR,IW,VV+VH,DESCENDING,77,12574,511,24.2849,92.0957,4524.0824184417725,https://datapool.asf.alaska.edu/SLC/SA/S1A_IW_SLC__1SDV_20160812T234715_20160812T234742_012574_013B43_4993.zip,"POLYGON ((93.139801 23.259195, 93.487381 24.885836, 91.031166 25.299278, 90.716293 23.675728, 93.139801 23.259195))",unprocessed_interferograms_vegetation_decorrelation,UNAVAILABLE,REAL_SENTINEL1_INSAR,False
REAL-NER-007,2016-08-22 11:55:54+00:00,,,,False,S1A_IW_SLC__1SSV_20160822T115554_20160822T115621_012713_013FDD_406C,Sentinel-1A,C-SAR,IW,VV,ASCENDING,41,12713,72,23.5056,92.4801,2436.3231239318848,https://datapool.asf.alaska.edu/SLC/SA/S1A_IW_SLC__1SSV_20160822T115554_20160822T115621_012713_013FDD_406C.zip,"POLYGON ((91.092606 24.105228, 91.438774 22.478487, 93.855759 22.898104, 93.541046 24.521683, 91.092606 24.105228))",unprocessed_interferograms_vegetation_decorrelation,UNAVAILABLE,REAL_SENTINEL1_INSAR,False
REAL-NER-007,2016-09-05 23:47:16+00:00,,,,False,S1A_IW_SLC__1SDV_20160905T234716_20160905T234743_012924_0146F3_76BD,Sentinel-1A,C-SAR,IW,VV+VH,DESCENDING,77,12924,511,24.2845,92.0956,4533.086156845093,https://datapool.asf.alaska.edu/SLC/SA/S1A_IW_SLC__1SDV_20160905T234716_20160905T234743_012924_0146F3_76BD.zip,"POLYGON ((93.139786 23.258944, 93.487305 24.885338, 91.031128 25.298752, 90.716316 23.675447, 93.139786 23.258944))",unprocessed_interferograms_vegetation_decorrelation,UNAVAILABLE,REAL_SENTINEL1_INSAR,False
REAL-NER-007,2016-09-15 11:55:55+00:00,,,,False,S1A_IW_SLC__1SSV_20160915T115555_20160915T115622_013063_014B5A_35A6,Sentinel-1A,C-SAR,IW,VV,ASCENDING,41,13063,72,23.5061,92.4807,2438.7861862182617,https://datapool.asf.alaska.edu/SLC/SA/S1A_IW_SLC__1SSV_20160915T115555_20160915T115622_013063_014B5A_35A6.zip,"POLYGON ((91.093224 24.1054, 91.439247 22.479282, 93.856316 22.898886, 93.54174 24.521841, 91.093224 24.1054))",unprocessed_interferograms_vegetation_decorrelation,UNAVAILABLE,REAL_SENTINEL1_INSAR,False
REAL-NER-007,2016-09-29 23:47:17+00:00,,,,False,S1A_IW_SLC__1SDV_20160929T234717_20160929T234744_013274_01524C_73E5,Sentinel-1A,C-SAR,IW,VV+VH,DESCENDING,77,13274,511,24.2846,92.0947,4549.552000999451,https://datapool.asf.alaska.edu/SLC/SA/S1A_IW_SLC__1SDV_20160929T234717_20160929T234744_013274_01524C_73E5.zip,"POLYGON ((93.138878 23.258942, 93.486435 24.88558, 91.030159 25.298973, 90.715324 23.675425, 93.138878 23.258942))",unprocessed_interferograms_vegetation_decorrelation,UNAVAILABLE,REAL_SENTINEL1_INSAR,False
REAL-NER-007,2016-10-09 11:55:55+00:00,,,,False,S1A_IW_SLC__1SSV_20161009T115555_20161009T115622_013413_0156A2_8332,Sentinel-1A,C-SAR,IW,VV,ASCENDING,41,13413,72,23.5063,92.4794,2437.222556114197,https://datapool.asf.alaska.edu/SLC/SA/S1A_IW_SLC__1SSV_20161009T115555_20161009T115622_013413_0156A2_8332.zip,"POLYGON ((91.091789 24.105877, 91.437996 22.479153, 93.855118 22.898811, 93.540382 24.522375, 91.091789 24.105877))",unprocessed_interferograms_vegetation_decorrelation,UNAVAILABLE,REAL_SENTINEL1_INSAR,False
REAL-NER-008,2015-01-01 00:02:36+00:00,,,,False,S1A_IW_SLC__1SDV_20150101T000236_20150101T000306_003970_004C79_3588,Sentinel-1A,C-SAR,IW,VV+VH,DESCENDING,48,3970,500,27.4382,88.5851,4971.398516654968,https://datapool.asf.alaska.edu/SLC/SA/S1A_IW_SLC__1SDV_20150101T000236_20150101T000306_003970_004C79_3588.zip,"POLYGON ((89.630196 26.330997, 90.022034 28.129477, 87.514969 28.532679, 87.165474 26.737295, 89.630196 26.330997))",unprocessed_interferograms_vegetation_decorrelation,UNAVAILABLE,REAL_SENTINEL1_INSAR,False
REAL-NER-008,2015-01-05 12:05:10+00:00,,,,False,S1A_IW_SLC__1SSV_20150105T120510_20150105T120536_004036_004DD9_F52C,Sentinel-1A,C-SAR,IW,VV,ASCENDING,114,4036,87,28.0277,89.5662,2237.1356439590454,https://datapool.asf.alaska.edu/SLC/SA/S1A_IW_SLC__1SSV_20150105T120510_20150105T120536_004036_004DD9_F52C.zip,"POLYGON ((88.149887 28.608511, 88.494301 27.033276, 90.968086 27.436848, 90.661819 29.009418, 88.149887 28.608511))",unprocessed_interferograms_vegetation_decorrelation,UNAVAILABLE,REAL_SENTINEL1_INSAR,False
REAL-NER-008,2015-01-10 12:13:10+00:00,,,,False,S1A_IW_SLC__1SSV_20150110T121310_20150110T121345_004109_004F9D_2681,Sentinel-1A,C-SAR,IW,VV,ASCENDING,12,4109,84,27.5192,87.5783,3143.382712364197,https://datapool.asf.alaska.edu/SLC/SA/S1A_IW_SLC__1SSV_20150110T121310_20150110T121345_004109_004F9D_2681.zip,"POLYGON ((86.100273 28.376123, 86.565392 26.244822, 89.033661 26.652496, 88.619102 28.780169, 86.100273 28.376123))",unprocessed_interferograms_vegetation_decorrelation,UNAVAILABLE,REAL_SENTINEL1_INSAR,False
REAL-NER-008,2015-01-13 00:02:18+00:00,,,,False,S1A_IW_SLC__1SSV_20150113T000218_20150113T000255_004145_005068_BB03,Sentinel-1A,C-SAR,IW,VV,DESCENDING,48,4145,497,28.2998,88.7331,3177.2406091690063,https://datapool.asf.alaska.edu/SLC/SA/S1A_IW_SLC__1SSV_20150113T000218_20150113T000255_004145_005068_BB03.zip,"POLYGON ((89.747559 27.000248, 90.226051 29.184103, 87.689293 29.585533, 87.26461 27.405365, 89.747559 27.000248))",unprocessed_interferograms_vegetation_decorrelation,UNAVAILABLE,REAL_SENTINEL1_INSAR,False
REAL-NER-008,2015-01-22 12:13:21+00:00,,,,False,S1A_IW_SLC__1SSV_20150122T121321_20150122T121351_004284_005368_0418,Sentinel-1A,C-SAR,IW,VV,ASCENDING,12,4284,86,28.0254,87.5244,2618.6136236190796,https://datapool.asf.alaska.edu/SLC/SA/S1A_IW_SLC__1SSV_20150122T121321_20150122T121351_004284_005368_0418.zip,"POLYGON ((86.072769 28.716337, 86.466034 26.91745, 88.958054 27.32439, 88.608704 29.120188, 86.072769 28.716337))",unprocessed_interferograms_vegetation_decorrelation,UNAVAILABLE,REAL_SENTINEL1_INSAR,False
REAL-NER-008,2015-01-25 00:02:36+00:00,,,,False,S1A_IW_SLC__1SDV_20150125T000236_20150125T000305_004320_005443_1877,Sentinel-1A,C-SAR,IW,VV+VH,DESCENDING,48,4320,500,27.438,88.5848,4960.953507423401,https://datapool.asf.alaska.edu/SLC/SA/S1A_IW_SLC__1SDV_20150125T000236_20150125T000305_004320_005443_1877.zip,"POLYGON ((89.62989 26.330616, 90.02179 28.129333, 87.514618 28.532562, 87.16507 26.736938, 89.62989 26.330616))",unprocessed_interferograms_vegetation_decorrelation,UNAVAILABLE,REAL_SENTINEL1_INSAR,False
REAL-NER-008,2015-01-29 12:05:09+00:00,,,,False,S1A_IW_SLC__1SSV_20150129T120509_20150129T120535_004386_0055A6_02EF,Sentinel-1A,C-SAR,IW,VV,ASCENDING,114,4386,87,28.0276,89.5668,2247.5268449783325,https://datapool.asf.alaska.edu/SLC/SA/S1A_IW_SLC__1SSV_20150129T120509_20150129T120535_004386_0055A6_02EF.zip,"POLYGON ((88.150406 28.608538, 88.494911 27.033062, 90.968742 27.436687, 90.662384 29.009501, 88.150406 28.608538))",unprocessed_interferograms_vegetation_decorrelation,UNAVAILABLE,REAL_SENTINEL1_INSAR,False
REAL-NER-008,2015-02-03 12:13:10+00:00,,,,False,S1A_IW_SLC__1SSV_20150203T121310_20150203T121345_004459_005764_E284,Sentinel-1A,C-SAR,IW,VV,ASCENDING,12,4459,84,27.5189,87.5777,3148.719027519226,https://datapool.asf.alaska.edu/SLC/SA/S1A_IW_SLC__1SSV_20150203T121310_20150203T121345_004459_005764_E284.zip,"POLYGON ((86.09964 28.376146, 86.564827 26.244221, 89.033119 26.651842, 88.618507 28.780136, 86.09964 28.376146))",unprocessed_interferograms_vegetation_decorrelation,UNAVAILABLE,REAL_SENTINEL1_INSAR,False
REAL-NER-008,2015-02-06 00:02:43+00:00,,,,False,S1A_IW_SLC__1SDV_20150206T000243_20150206T000259_004495_00583C_C44E,Sentinel-1A,C-SAR,IW,VV+VH,DESCENDING,48,4495,502,27.3573,88.5522,2497.8631143569946,https://datapool.asf.alaska.edu/SLC/SA/S1A_IW_SLC__1SDV_20150206T000243_20150206T000259_004495_00583C_C44E.zip,"POLYGON ((89.699272 26.663393, 89.90992 27.631107, 87.387527 28.039234, 87.199806 27.073221, 89.699272 26.663393))",unprocessed_interferograms_vegetation_decorrelation,UNAVAILABLE,REAL_SENTINEL1_INSAR,False
REAL-NER-008,2015-02-15 12:13:20+00:00,,,,False,S1A_IW_SLC__1SSV_20150215T121320_20150215T121350_004634_005B67_6924,Sentinel-1A,C-SAR,IW,VV,ASCENDING,12,4634,86,28.0257,87.5242,2612.3704080581665,https://datapool.asf.alaska.edu/SLC/SA/S1A_IW_SLC__1SSV_20150215T121320_20150215T121350_004634_005B67_6924.zip,"POLYGON ((86.072495 28.71685, 86.465897 26.917484, 88.958015 27.324488, 88.608543 29.120764, 86.072495 28.71685))",unprocessed_interferograms_vegetation_decorrelation,UNAVAILABLE,REAL_SENTINEL1_INSAR,False
REAL-NER-008,2015-02-18 00:02:35+00:00,,,,False,S1A_IW_SLC__1SDV_20150218T000235_20150218T000305_004670_005C45_21E1,Sentinel-1A,C-SAR,IW,VV+VH,DESCENDING,48,4670,500,27.4372,88.5838,4943.706991195679,https://datapool.asf.alaska.edu/SLC/SA/S1A_IW_SLC__1SDV_20150218T000235_20150218T000305_004670_005C45_21E1.zip,"POLYGON ((89.628815 26.329716, 90.020752 28.128832, 87.513832 28.531971, 87.164253 26.735952, 89.628815 26.329716))",unprocessed_interferograms_vegetation_decorrelation,UNAVAILABLE,REAL_SENTINEL1_INSAR,False
REAL-NER-008,2015-02-22 12:05:09+00:00,,,,False,S1A_IW_SLC__1SSV_20150222T120509_20150222T120535_004736_005DC5_5393,Sentinel-1A,C-SAR,IW,VV,ASCENDING,114,4736,87,28.0278,89.566,2248.1989574432373,https://datapool.asf.alaska.edu/SLC/SA/S1A_IW_SLC__1SSV_20150222T120509_20150222T120535_004736_005DC5_5393.zip,"POLYGON ((88.149559 28.608734, 88.494057 27.033262, 90.967941 27.436905, 90.661591 29.009712, 88.149559 28.608734))",unprocessed_interferograms_vegetation_decorrelation,UNAVAILABLE,REAL_SENTINEL1_INSAR,False
REAL-NER-008,2015-02-27 12:13:20+00:00,,,,False,S1A_IW_SLC__1SSV_20150227T121320_20150227T121350_004809_005FA5_AB2E,Sentinel-1A,C-SAR,IW,VV,ASCENDING,12,4809,86,28.0253,87.5244,2617.535888671875,https://datapool.asf.alaska.edu/SLC/SA/S1A_IW_SLC__1SSV_20150227T121320_20150227T121350_004809_005FA5_AB2E.zip,"POLYGON ((86.072601 28.716255, 86.46595 26.917267, 88.958145 27.324316, 88.608719 29.120216, 86.072601 28.716255))",unprocessed_interferograms_vegetation_decorrelation,UNAVAILABLE,REAL_SENTINEL1_INSAR,False
REAL-NER-008,2015-03-02 00:02:35+00:00,,,,False,S1A_IW_SLC__1SDV_20150302T000235_20150302T000305_004845_006086_86A0,Sentinel-1A,C-SAR,IW,VV+VH,DESCENDING,48,4845,500,27.4362,88.5858,4992.887724876404,https://datapool.asf.alaska.edu/SLC/SA/S1A_IW_SLC__1SDV_20150302T000235_20150302T000305_004845_006086_86A0.zip,"POLYGON ((89.632103 26.328535, 90.024063 28.127399, 87.514412 28.531046, 87.164848 26.735277, 89.632103 26.328535))",unprocessed_interferograms_vegetation_decorrelation,UNAVAILABLE,REAL_SENTINEL1_INSAR,False
REAL-NER-008,2015-03-11 12:13:09+00:00,,,,False,S1A_IW_SLC__1SSV_20150311T121309_20150311T121345_004984_0063D5_C6F7,Sentinel-1A,C-SAR,IW,VV,ASCENDING,12,4984,84,27.5183,87.5789,3144.8078384399414,https://datapool.asf.alaska.edu/SLC/SA/S1A_IW_SLC__1SSV_20150311T121309_20150311T121345_004984_0063D5_C6F7.zip,"POLYGON ((86.100708 28.375502, 86.565964 26.243589, 89.034409 26.651321, 88.61972 28.779604, 86.100708 28.375502))",unprocessed_interferograms_vegetation_decorrelation,UNAVAILABLE,REAL_SENTINEL1_INSAR,False
REAL-NER-008,2015-03-14 00:02:18+00:00,,,,False,S1A_IW_SLC__1SSV_20150314T000218_20150314T000254_005020_0064BA_56EA,Sentinel-1A,C-SAR,IW,VV,DESCENDING,48,5020,497,28.3005,88.7331,3190.065999031067,https://datapool.asf.alaska.edu/SLC/SA/S1A_IW_SLC__1SSV_20150314T000218_20150314T000254_005020_0064BA_56EA.zip,"POLYGON ((89.747429 27.00082, 90.226006 29.185064, 87.689407 29.586462, 87.264648 27.405907, 89.747429 27.00082))",unprocessed_interferograms_vegetation_decorrelation,UNAVAILABLE,REAL_SENTINEL1_INSAR,False
REAL-NER-008,2015-03-18 12:05:09+00:00,,,,False,S1A_IW_SLC__1SSV_20150318T120509_20150318T120535_005086_006644_490F,Sentinel-1A,C-SAR,IW,VV,ASCENDING,114,5086,87,28.0273,89.5664,2247.556788444519,https://datapool.asf.alaska.edu/SLC/SA/S1A_IW_SLC__1SSV_20150318T120509_20150318T120535_005086_006644_490F.zip,"POLYGON ((88.149879 28.608355, 88.494408 27.032635, 90.96833 27.436256, 90.661957 29.00931, 88.149879 28.608355))",unprocessed_interferograms_vegetation_decorrelation,UNAVAILABLE,REAL_SENTINEL1_INSAR,False
REAL-NER-008,2015-03-23 12:13:21+00:00,,,,False,S1A_IW_SLC__1SSV_20150323T121321_20150323T121351_005159_00680B_53A6,Sentinel-1A,C-SAR,IW,VV,ASCENDING,12,5159,86,28.0253,87.5271,2653.1211099624634,https://datapool.asf.alaska.edu/SLC/SA/S1A_IW_SLC__1SSV_20150323T121321_20150323T121351_005159_00680B_53A6.zip,"POLYGON ((86.076218 28.716505, 86.469513 26.917267, 88.960098 27.323971, 88.610695 29.120117, 86.076218 28.716505))",unprocessed_interferograms_vegetation_decorrelation,UNAVAILABLE,REAL_SENTINEL1_INSAR,False
REAL-NER-008,2015-03-26 00:02:35+00:00,,,,False,S1A_IW_SLC__1SDV_20150326T000235_20150326T000305_005195_0068EB_61E9,Sentinel-1A,C-SAR,IW,VV+VH,DESCENDING,48,5195,500,27.4384,88.5871,4997.662734031677,https://datapool.asf.alaska.edu/SLC/SA/S1A_IW_SLC__1SDV_20150326T000235_20150326T000305_005195_0068EB_61E9.zip,"POLYGON ((89.632309 26.331057, 90.024216 28.129681, 87.516953 28.532948, 87.167404 26.737415, 89.632309 26.331057))",unprocessed_interferograms_vegetation_decorrelation,UNAVAILABLE,REAL_SENTINEL1_INSAR,False
REAL-NER-008,2015-04-04 12:13:10+00:00,,,,False,S1A_IW_SLC__1SSV_20150404T121310_20150404T121345_005334_006C24_65B8,Sentinel-1A,C-SAR,IW,VV,ASCENDING,12,5334,84,27.5179,87.5781,3190.6653003692627,https://datapool.asf.alaska.edu/SLC/SA/S1A_IW_SLC__1SSV_20150404T121310_20150404T121345_005334_006C24_65B8.zip,"POLYGON ((86.099548 28.374977, 86.564743 26.243183, 89.034019 26.651009, 88.619415 28.779173, 86.099548 28.374977))",unprocessed_interferograms_vegetation_decorrelation,UNAVAILABLE,REAL_SENTINEL1_INSAR,False
REAL-NER-008,2015-04-07 00:02:18+00:00,,,,False,S1A_IW_SLC__1SSV_20150407T000218_20150407T000255_005370_006D14_3579,Sentinel-1A,C-SAR,IW,VV,DESCENDING,48,5370,497,28.3,88.7335,3230.5181283950806,https://datapool.asf.alaska.edu/SLC/SA/S1A_IW_SLC__1SSV_20150407T000218_20150407T000255_005370_006D14_3579.zip,"POLYGON ((89.748039 27.000507, 90.226448 29.184277, 87.689522 29.585672, 87.264915 27.405592, 89.748039 27.000507))",unprocessed_interferograms_vegetation_decorrelation,UNAVAILABLE,REAL_SENTINEL1_INSAR,False
REAL-NER-008,2015-04-11 12:05:09+00:00,,,,False,S1A_IW_SLC__1SSV_20150411T120509_20150411T120536_005436_006EC8_A94B,Sentinel-1A,C-SAR,IW,VV,ASCENDING,114,5436,87,28.0271,89.5673,2273.8338174819946,https://datapool.asf.alaska.edu/SLC/SA/S1A_IW_SLC__1SSV_20150411T120509_20150411T120536_005436_006EC8_A94B.zip,"POLYGON ((88.150948 28.607887, 88.495407 27.032549, 90.969231 27.436188, 90.662895 29.008862, 88.150948 28.607887))",unprocessed_interferograms_vegetation_decorrelation,UNAVAILABLE,REAL_SENTINEL1_INSAR,False
REAL-NER-008,2015-04-16 12:13:21+00:00,,,,False,S1A_IW_SLC__1SSV_20150416T121321_20150416T121351_005509_00708E_2682,Sentinel-1A,C-SAR,IW,VV,ASCENDING,12,5509,86,28.0256,87.5278,2647.771827697754,https://datapool.asf.alaska.edu/SLC/SA/S1A_IW_SLC__1SSV_20150416T121321_20150416T121351_005509_00708E_2682.zip,"POLYGON ((86.076912 28.716682, 86.470154 26.917679, 88.960663 27.324362, 88.611313 29.120272, 86.076912 28.716682))",unprocessed_interferograms_vegetation_decorrelation,UNAVAILABLE,REAL_SENTINEL1_INSAR,False
REAL-NER-008,2015-04-19 00:02:36+00:00,,,,False,S1A_IW_SLC__1SDV_20150419T000236_20150419T000306_005545_00717A_B48D,Sentinel-1A,C-SAR,IW,VV+VH,DESCENDING,48,5545,500,27.4379,88.5857,5023.362648010254,https://datapool.asf.alaska.edu/SLC/SA/S1A_IW_SLC__1SDV_20150419T000236_20150419T000306_005545_00717A_B48D.zip,"POLYGON ((89.631004 26.330349, 90.022949 28.129339, 87.515442 28.532602, 87.165871 26.73671, 89.631004 26.330349))",unprocessed_interferograms_vegetation_decorrelation,UNAVAILABLE,REAL_SENTINEL1_INSAR,False
REAL-NER-008,2015-04-28 12:13:06+00:00,,,,False,S1A_IW_SLC__1SDV_20150428T121306_20150428T121333_005684_0074A9_0536,Sentinel-1A,C-SAR,IW,VV+VH,ASCENDING,12,5684,83,26.9323,87.6771,4589.176646232605,https://datapool.asf.alaska.edu/SLC/SA/S1A_IW_SLC__1SDV_20150428T121306_20150428T121333_005684_0074A9_0536.zip,"POLYGON ((86.253105 27.53796, 86.608253 25.905354, 89.086548 26.316904, 88.769241 27.946676, 86.253105 27.53796))",unprocessed_interferograms_vegetation_decorrelation,UNAVAILABLE,REAL_SENTINEL1_INSAR,False
REAL-NER-008,2015-05-01 00:02:45+00:00,,,,False,S1A_IW_SLC__1SSV_20150501T000245_20150501T000312_005720_00757F_AAAB,Sentinel-1A,C-SAR,IW,VV,DESCENDING,48,5720,502,27.0726,88.5305,2435.0022592544556,https://datapool.asf.alaska.edu/SLC/SA/S1A_IW_SLC__1SSV_20150501T000245_20150501T000312_005720_00757F_AAAB.zip,"POLYGON ((89.605988 26.048231, 89.959938 27.67478, 87.431435 28.084362, 87.115555 26.460659, 89.605988 26.048231))",unprocessed_interferograms_vegetation_decorrelation,UNAVAILABLE,REAL_SENTINEL1_INSAR,False
REAL-NER-008,2015-05-05 12:05:11+00:00,,,,False,S1A_IW_SLC__1SSV_20150505T120511_20150505T120538_005786_0076F5_1F47,Sentinel-1A,C-SAR,IW,VV,ASCENDING,114,5786,87,28.0523,89.5623,2343.2579650878906,https://datapool.asf.alaska.edu/SLC/SA/S1A_IW_SLC__1SSV_20150505T120511_20150505T120538_005786_0076F5_1F47.zip,"POLYGON ((88.139229 28.658094, 88.494667 27.032665, 90.970108 27.436497, 90.654091 29.059175, 88.139229 28.658094))",unprocessed_interferograms_vegetation_decorrelation,UNAVAILABLE,REAL_SENTINEL1_INSAR,False
REAL-NER-008,2015-05-13 00:02:32+00:00,,,,False,S1A_IW_SLC__1SDV_20150513T000232_20150513T000259_005895_007981_C859,Sentinel-1A,C-SAR,IW,VV+VH,DESCENDING,48,5895,499,27.8546,88.66,4391.472599029541,https://datapool.asf.alaska.edu/SLC/SA/S1A_IW_SLC__1SDV_20150513T000232_20150513T000259_005895_007981_C859.zip,"POLYGON ((89.725395 26.830988, 90.082054 28.46377, 87.570663 28.865562, 87.25322 27.235558, 89.725395 26.830988))",unprocessed_interferograms_vegetation_decorrelation,UNAVAILABLE,REAL_SENTINEL1_INSAR,False
REAL-NER-008,2015-05-17 12:04:51+00:00,,,,False,S1A_IW_SLC__1SSV_20150517T120451_20150517T120521_005961_007AE4_3FC2,Sentinel-1A,C-SAR,IW,VV,ASCENDING,114,5961,83,26.922,89.7498,2724.3602437973022,https://datapool.asf.alaska.edu/SLC/SA/S1A_IW_SLC__1SSV_20150517T120451_20150517T120521_005961_007AE4_3FC2.zip,"POLYGON ((88.294571 27.608898, 88.685936 25.809591, 91.188011 26.225361, 90.83876 28.021494, 88.294571 27.608898))",unprocessed_interferograms_vegetation_decorrelation,UNAVAILABLE,REAL_SENTINEL1_INSAR,False
REAL-NER-008,2015-05-22 12:13:07+00:00,,,,False,S1A_IW_SLC__1SSV_20150522T121307_20150522T121334_006034_007CA2_948F,Sentinel-1A,C-SAR,IW,VV,ASCENDING,12,6034,83,26.9318,87.678,2431.942427635193,https://datapool.asf.alaska.edu/SLC/SA/S1A_IW_SLC__1SSV_20150522T121307_20150522T121334_006034_007CA2_948F.zip,"POLYGON ((86.254089 27.537327, 86.609192 25.904961, 89.087341 26.316488, 88.770073 27.946024, 86.254089 27.537327))",unprocessed_interferograms_vegetation_decorrelation,UNAVAILABLE,REAL_SENTINEL1_INSAR,False
REAL-NER-008,2015-05-25 00:02:46+00:00,,,,False,S1A_IW_SLC__1SSV_20150525T000246_20150525T000313_006070_007DAE_250E,Sentinel-1A,C-SAR,IW,VV,DESCENDING,48,6070,502,27.0733,88.5315,2442.6671657562256,https://datapool.asf.alaska.edu/SLC/SA/S1A_IW_SLC__1SSV_20150525T000246_20150525T000313_006070_007DAE_250E.zip,"POLYGON ((89.60701 26.048874, 89.961006 27.675411, 87.432533 28.085035, 87.116615 26.46134, 89.60701 26.048874))",unprocessed_interferograms_vegetation_decorrelation,UNAVAILABLE,REAL_SENTINEL1_INSAR,False
REAL-NER-008,2015-05-29 12:05:12+00:00,,,,False,S1A_IW_SLC__1SSV_20150529T120512_20150529T120539_006136_007F72_A765,Sentinel-1A,C-SAR,IW,VV,ASCENDING,114,6136,87,28.0533,89.5617,2351.9903955459595,https://datapool.asf.alaska.edu/SLC/SA/S1A_IW_SLC__1SSV_20150529T120512_20150529T120539_006136_007F72_A765.zip,"POLYGON ((88.138664 28.659092, 88.494141 27.033661, 90.96946 27.437502, 90.653404 29.060183, 88.138664 28.659092))",unprocessed_interferograms_vegetation_decorrelation,UNAVAILABLE,REAL_SENTINEL1_INSAR,False
REAL-NER-008,2015-06-03 12:13:08+00:00,,,,False,S1A_IW_SLC__1SSV_20150603T121308_20150603T121335_006209_00819B_6422,Sentinel-1A,C-SAR,IW,VV,ASCENDING,12,6209,83,26.9344,87.69,2439.287660598755,https://datapool.asf.alaska.edu/SLC/SA/S1A_IW_SLC__1SSV_20150603T121308_20150603T121335_006209_00819B_6422.zip,"POLYGON ((86.253876 27.538355, 86.609093 25.905243, 89.111504 26.320522, 88.794502 27.950756, 86.253876 27.538355))",unprocessed_interferograms_vegetation_decorrelation,UNAVAILABLE,REAL_SENTINEL1_INSAR,False
REAL-NER-008,2015-06-06 00:02:34+00:00,,,,False,S1A_IW_SLC__1SSV_20150606T000234_20150606T000301_006245_0082B9_E9FB,Sentinel-1A,C-SAR,IW,VV,DESCENDING,48,6245,499,27.8556,88.6586,2366.4972791671753,https://datapool.asf.alaska.edu/SLC/SA/S1A_IW_SLC__1SSV_20150606T000234_20150606T000301_006245_0082B9_E9FB.zip,"POLYGON ((89.723244 26.832067, 90.07988 28.46483, 87.569923 28.866375, 87.25248 27.236387, 89.723244 26.832067))",unprocessed_interferograms_vegetation_decorrelation,UNAVAILABLE,REAL_SENTINEL1_INSAR,False
REAL-NER-008,2015-06-10 12:04:53+00:00,,,,False,S1A_IW_SLC__1SSV_20150610T120453_20150610T120523_006311_008497_D053,Sentinel-1A,C-SAR,IW,VV,ASCENDING,114,6311,83,26.9112,89.7509,2734.3597106933594,https://datapool.asf.alaska.edu/SLC/SA/S1A_IW_SLC__1SSV_20150610T120453_20150610T120523_006311_008497_D053.zip,"POLYGON ((88.295753 27.597982, 88.687126 25.798687, 91.189102 26.214548, 90.839813 28.010668, 88.295753 27.597982))",unprocessed_interferograms_vegetation_decorrelation,UNAVAILABLE,REAL_SENTINEL1_INSAR,False
REAL-NER-008,2015-06-15 12:13:09+00:00,,,,False,S1A_IW_SLC__1SSV_20150615T121309_20150615T121336_006384_0086B1_34BA,Sentinel-1A,C-SAR,IW,VV,ASCENDING,12,6384,83,26.9328,87.6778,2438.8852586746216,https://datapool.asf.alaska.edu/SLC/SA/S1A_IW_SLC__1SSV_20150615T121309_20150615T121336_006384_0086B1_34BA.zip,"POLYGON ((86.253891 27.538431, 86.60894 25.906065, 89.087143 26.317539, 88.769928 27.947071, 86.253891 27.538431))",unprocessed_interferograms_vegetation_decorrelation,UNAVAILABLE,REAL_SENTINEL1_INSAR,False
REAL-NER-008,2015-06-18 00:02:31+00:00,,,,False,S1A_IW_SLC__1SSV_20150618T000231_20150618T000258_006420_0087B7_F208,Sentinel-1A,C-SAR,IW,VV,DESCENDING,48,6420,498,28.0785,88.6887,2374.8213109970093,https://datapool.asf.alaska.edu/SLC/SA/S1A_IW_SLC__1SSV_20150618T000231_20150618T000258_006420_0087B7_F208.zip,"POLYGON ((89.76387 27.057188, 90.119568 28.683546, 87.589081 29.086784, 87.273094 27.463203, 89.76387 27.057188))",unprocessed_interferograms_vegetation_decorrelation,UNAVAILABLE,REAL_SENTINEL1_INSAR,False
REAL-NER-008,2015-06-18 00:02:56+00:00,,,,False,S1A_IW_SLC__1SSV_20150618T000256_20150618T000323_006420_0087B7_CBFF,Sentinel-1A,C-SAR,IW,VV,DESCENDING,48,6420,503,26.5715,88.4436,2474.979108810425,https://datapool.asf.alaska.edu/SLC/SA/S1A_IW_SLC__1SSV_20150618T000256_20150618T000323_006420_0087B7_CBFF.zip,"POLYGON ((89.519173 25.54546, 89.872253 27.172594, 87.344902 27.585068, 87.029106 25.960823, 89.519173 25.54546))",unprocessed_interferograms_vegetation_decorrelation,UNAVAILABLE,REAL_SENTINEL1_INSAR,False
REAL-NER-008,2015-06-22 12:05:06+00:00,,,,False,S1A_IW_SLC__1SSV_20150622T120506_20150622T120533_006486_00899A_6BD6,Sentinel-1A,C-SAR,IW,VV,ASCENDING,114,6486,85,27.5499,89.6394,2425.478060722351,https://datapool.asf.alaska.edu/SLC/SA/S1A_IW_SLC__1SSV_20150622T120506_20150622T120533_006486_00899A_6BD6.zip,"POLYGON ((88.216644 28.153887, 88.571182 26.528738, 91.047234 26.935947, 90.731316 28.558313, 88.216644 28.153887))",unprocessed_interferograms_vegetation_decorrelation,UNAVAILABLE,REAL_SENTINEL1_INSAR,False
REAL-NER-008,2015-06-27 12:13:09+00:00,,,,False,S1A_IW_SLC__1SSV_20150627T121309_20150627T121337_006559_008BA2_4144,Sentinel-1A,C-SAR,IW,VV,ASCENDING,12,6559,83,26.9349,87.6885,2460.774094581604,https://datapool.asf.alaska.edu/SLC/SA/S1A_IW_SLC__1SSV_20150627T121309_20150627T121337_006559_008BA2_4144.zip,"POLYGON ((86.252441 27.538633, 86.607574 25.906019, 89.110085 26.321352, 88.793152 27.951086, 86.252441 27.538633))",unprocessed_interferograms_vegetation_decorrelation,UNAVAILABLE,REAL_SENTINEL1_INSAR,False
REAL-NER-008,2015-06-30 00:02:36+00:00,,,,False,S1A_IW_SLC__1SDV_20150630T000236_20150630T000303_006595_008CA0_CF80,Sentinel-1A,C-SAR,IW,VV+VH,DESCENDING,48,6595,499,27.8294,88.6552,4541.404556274414,https://datapool.asf.alaska.edu/SLC/SA/S1A_IW_SLC__1SDV_20150630T000236_20150630T000303_006595_008CA0_CF80.zip,"POLYGON ((89.716568 26.780579, 90.084038 28.462969, 87.569275 28.865326, 87.24221 27.185799, 89.716568 26.780579))",unprocessed_interferograms_vegetation_decorrelation,UNAVAILABLE,REAL_SENTINEL1_INSAR,False
REAL-NER-008,2015-07-04 12:04:53+00:00,,,,False,S1A_IW_SLC__1SSV_20150704T120453_20150704T120523_006661_008E51_0410,Sentinel-1A,C-SAR,IW,VV,ASCENDING,114,6661,83,26.91,89.7499,2727.2053022384644,https://datapool.asf.alaska.edu/SLC/SA/S1A_IW_SLC__1SSV_20150704T120453_20150704T120523_006661_008E51_0410.zip,"POLYGON ((88.295891 27.596968, 88.68721 25.79767, 91.186897 26.21314, 90.837616 28.009266, 88.295891 27.596968))",unprocessed_interferograms_vegetation_decorrelation,UNAVAILABLE,REAL_SENTINEL1_INSAR,False
REAL-NER-008,2015-07-09 12:13:09+00:00,,,,False,S1A_IW_SLC__1SSV_20150709T121309_20150709T121336_006734_009051_99E3,Sentinel-1A,C-SAR,IW,VV,ASCENDING,12,6734,83,26.933,87.6785,2446.3315114974976,https://datapool.asf.alaska.edu/SLC/SA/S1A_IW_SLC__1SSV_20150709T121309_20150709T121336_006734_009051_99E3.zip,"POLYGON ((86.254585 27.538414, 86.609627 25.906305, 89.087898 26.317865, 88.770676 27.947142, 86.254585 27.538414))",unprocessed_interferograms_vegetation_decorrelation,UNAVAILABLE,REAL_SENTINEL1_INSAR,False
REAL-NER-008,2015-07-12 00:02:31+00:00,,,,False,S1A_IW_SLC__1SSV_20150712T000231_20150712T000258_006770_009170_D6BA,Sentinel-1A,C-SAR,IW,VV,DESCENDING,48,6770,498,28.0794,88.6892,2383.9863843917847,https://datapool.asf.alaska.edu/SLC/SA/S1A_IW_SLC__1SSV_20150712T000231_20150712T000258_006770_009170_D6BA.zip,"POLYGON ((89.764305 27.057983, 90.120087 28.684599, 87.589699 29.087854, 87.273643 27.46402, 89.764305 27.057983))",unprocessed_interferograms_vegetation_decorrelation,UNAVAILABLE,REAL_SENTINEL1_INSAR,False
REAL-NER-008,2015-07-12 00:02:56+00:00,,,,False,S1A_IW_SLC__1SSV_20150712T000256_20150712T000323_006770_009170_A99C,Sentinel-1A,C-SAR,IW,VV,DESCENDING,48,6770,503,26.5724,88.4441,2470.1314516067505,https://datapool.asf.alaska.edu/SLC/SA/S1A_IW_SLC__1SSV_20150712T000256_20150712T000323_006770_009170_A99C.zip,"POLYGON ((89.519585 25.546377, 89.872658 27.173397, 87.345436 27.585886, 87.029633 25.961758, 89.519585 25.546377))",unprocessed_interferograms_vegetation_decorrelation,UNAVAILABLE,REAL_SENTINEL1_INSAR,False
REAL-NER-008,2015-07-16 12:05:06+00:00,,,,False,S1A_IW_SLC__1SSV_20150716T120506_20150716T120533_006836_009359_234B,Sentinel-1A,C-SAR,IW,VV,ASCENDING,114,6836,85,27.55,89.6414,2426.42928981781,https://datapool.asf.alaska.edu/SLC/SA/S1A_IW_SLC__1SSV_20150716T120506_20150716T120533_006836_009359_234B.zip,"POLYGON ((88.218803 28.153881, 88.573181 26.529209, 91.049072 26.936325, 90.733292 28.558214, 88.218803 28.153881))",unprocessed_interferograms_vegetation_decorrelation,UNAVAILABLE,REAL_SENTINEL1_INSAR,False
REAL-NER-008,2015-07-21 12:13:10+00:00,,,,False,S1A_IW_SLC__1SSV_20150721T121310_20150721T121337_006909_009567_30A3,Sentinel-1A,C-SAR,IW,VV,ASCENDING,12,6909,83,26.9347,87.6896,2451.8009634017944,https://datapool.asf.alaska.edu/SLC/SA/S1A_IW_SLC__1SSV_20150721T121310_20150721T121337_006909_009567_30A3.zip,"POLYGON ((86.253586 27.5385, 86.608734 25.905756, 89.111061 26.32106, 88.794113 27.950924, 86.253586 27.5385))",unprocessed_interferograms_vegetation_decorrelation,UNAVAILABLE,REAL_SENTINEL1_INSAR,False
REAL-NER-008,2015-07-24 00:02:36+00:00,,,,False,S1A_IW_SLC__1SDV_20150724T000236_20150724T000303_006945_009672_8A98,Sentinel-1A,C-SAR,IW,VV+VH,DESCENDING,48,6945,499,27.8555,88.661,4402.165008544922,https://datapool.asf.alaska.edu/SLC/SA/S1A_IW_SLC__1SDV_20150724T000236_20150724T000303_006945_009672_8A98.zip,"POLYGON ((89.727844 26.831852, 90.08445 28.464128, 87.570213 28.866432, 87.252846 27.236933, 89.727844 26.831852))",unprocessed_interferograms_vegetation_decorrelation,UNAVAILABLE,REAL_SENTINEL1_INSAR,False
REAL-NER-008,2015-07-28 12:04:55+00:00,,,,False,S1A_IW_SLC__1SSV_20150728T120455_20150728T120525_007011_009853_E325,Sentinel-1A,C-SAR,IW,VV,ASCENDING,114,7011,83,26.9112,89.7498,2727.179916381836,https://datapool.asf.alaska.edu/SLC/SA/S1A_IW_SLC__1SSV_20150728T120455_20150728T120525_007011_009853_E325.zip,"POLYGON ((88.29586 27.598301, 88.687225 25.798868, 91.186768 26.214321, 90.837448 28.01058, 88.29586 27.598301))",unprocessed_interferograms_vegetation_decorrelation,UNAVAILABLE,REAL_SENTINEL1_INSAR,False
REAL-NER-008,2015-08-02 12:13:16+00:00,,,,False,S1A_IW_SLC__1SSV_20150802T121316_20150802T121351_007084_009A49_52AB,Sentinel-1A,C-SAR,IW,VV,ASCENDING,12,7084,84,27.5192,87.5777,3202.506766319275,https://datapool.asf.alaska.edu/SLC/SA/S1A_IW_SLC__1SSV_20150802T121316_20150802T121351_007084_009A49_52AB.zip,"POLYGON ((86.099289 28.376543, 86.56459 26.244234, 89.033531 26.652004, 88.61882 28.780682, 86.099289 28.376543))",unprocessed_interferograms_vegetation_decorrelation,UNAVAILABLE,REAL_SENTINEL1_INSAR,False
REAL-NER-008,2015-08-09 12:05:07+00:00,,,,False,S1A_IW_SLC__1SSV_20150809T120507_20150809T120536_007186_009D11_7D0F,Sentinel-1A,C-SAR,IW,VV,ASCENDING,114,7186,85,27.6081,89.6292,2586.391206741333,https://datapool.asf.alaska.edu/SLC/SA/S1A_IW_SLC__1SSV_20150809T120507_20150809T120536_007186_009D11_7D0F.zip,"POLYGON ((88.195251 28.270977, 88.575371 26.529055, 91.046494 26.93544, 90.707802 28.674391, 88.195251 28.270977))",unprocessed_interferograms_vegetation_decorrelation,UNAVAILABLE,REAL_SENTINEL1_INSAR,False
REAL-NER-008,2015-08-17 00:02:43+00:00,,,,False,S1A_IW_SLC__1SDV_20150817T000243_20150817T000313_007295_00A01B_B143,Sentinel-1A,C-SAR,IW,VV+VH,DESCENDING,48,7295,500,27.4377,88.5863,5052.678469657898,https://datapool.asf.alaska.edu/SLC/SA/S1A_IW_SLC__1SDV_20150817T000243_20150817T000313_007295_00A01B_B143.zip,"POLYGON ((89.632835 26.330059, 90.024757 28.128826, 87.514778 28.532505, 87.16526 26.736835, 89.632835 26.330059))",unprocessed_interferograms_vegetation_decorrelation,UNAVAILABLE,REAL_SENTINEL1_INSAR,False
REAL-NER-008,2015-08-26 12:13:17+00:00,,,,False,S1A_IW_SLC__1SSV_20150826T121317_20150826T121353_007434_00A3D1_791B,Sentinel-1A,C-SAR,IW,VV,ASCENDING,12,7434,84,27.5178,87.5772,3214.3445920944214,https://datapool.asf.alaska.edu/SLC/SA/S1A_IW_SLC__1SSV_20150826T121317_20150826T121353_007434_00A3D1_791B.zip,"POLYGON ((86.098778 28.374851, 86.56395 26.24317, 89.033089 26.650997, 88.618484 28.779047, 86.098778 28.374851))",unprocessed_interferograms_vegetation_decorrelation,UNAVAILABLE,REAL_SENTINEL1_INSAR,False
REAL-NER-008,2015-09-02 12:05:08+00:00,,,,False,S1A_IW_SLC__1SSV_20150902T120508_20150902T120537_007536_00A6A1_FEF7,Sentinel-1A,C-SAR,IW,VV,ASCENDING,114,7536,85,27.6075,89.6301,2594.1801443099976,https://datapool.asf.alaska.edu/SLC/SA/S1A_IW_SLC__1SSV_20150902T120508_20150902T120537_007536_00A6A1_FEF7.zip,"POLYGON ((88.196167 28.270319, 88.576256 26.528391, 91.047371 26.934752, 90.708702 28.673706, 88.196167 28.270319))",unprocessed_interferograms_vegetation_decorrelation,UNAVAILABLE,REAL_SENTINEL1_INSAR,False
REAL-NER-008,2015-09-26 12:05:09+00:00,,,,False,S1A_IW_SLC__1SSV_20150926T120509_20150926T120538_007886_00B001_F548,Sentinel-1A,C-SAR,IW,VV,ASCENDING,114,7886,85,27.6083,89.6304,2594.1806316375732,https://datapool.asf.alaska.edu/SLC/SA/S1A_IW_SLC__1SSV_20150926T120509_20150926T120538_007886_00B001_F548.zip,"POLYGON ((88.196533 28.271008, 88.576523 26.529444, 91.047569 26.93576, 90.709 28.674351, 88.196533 28.271008))",unprocessed_interferograms_vegetation_decorrelation,UNAVAILABLE,REAL_SENTINEL1_INSAR,False
REAL-NER-008,2015-10-01 12:13:18+00:00,,,,False,S1A_IW_SLC__1SSV_20151001T121318_20151001T121345_007959_00B1FE_DFC3,Sentinel-1A,C-SAR,IW,VV,ASCENDING,12,7959,84,27.2689,87.6343,2443.356206893921,https://datapool.asf.alaska.edu/SLC/SA/S1A_IW_SLC__1SSV_20151001T121318_20151001T121345_007959_00B1FE_DFC3.zip,"POLYGON ((86.195877 27.873312, 86.551682 26.240591, 89.057907 26.654451, 88.740906 28.284317, 86.195877 27.873312))",unprocessed_interferograms_vegetation_decorrelation,UNAVAILABLE,REAL_SENTINEL1_INSAR,False
REAL-NER-008,2015-10-08 12:05:08+00:00,,,,False,S1A_IW_SLC__1SSV_20151008T120508_20151008T120538_008061_00B4AC_3D1B,Sentinel-1A,C-SAR,IW,VV,ASCENDING,114,8061,85,27.5825,89.6512,2681.4673376083374,https://datapool.asf.alaska.edu/SLC/SA/S1A_IW_SLC__1SSV_20151008T120508_20151008T120538_008061_00B4AC_3D1B.zip,"POLYGON ((88.198898 28.272207, 88.591454 26.472612, 91.085999 26.88286, 90.736603 28.679329, 88.198898 28.272207))",unprocessed_interferograms_vegetation_decorrelation,UNAVAILABLE,REAL_SENTINEL1_INSAR,False
REAL-NER-008,2015-10-16 00:02:35+00:00,,,,False,S1A_IW_SLC__1SSV_20151016T000235_20151016T000302_008170_00B7AC_6BF6,Sentinel-1A,C-SAR,IW,VV,DESCENDING,48,8170,498,28.0787,88.6884,2354.037363052368,https://datapool.asf.alaska.edu/SLC/SA/S1A_IW_SLC__1SSV_20151016T000235_20151016T000302_008170_00B7AC_6BF6.zip,"POLYGON ((89.763649 27.057516, 90.119293 28.683626, 87.588768 29.086885, 87.272835 27.463554, 89.763649 27.057516))",unprocessed_interferograms_vegetation_decorrelation,UNAVAILABLE,REAL_SENTINEL1_INSAR,False
REAL-NER-008,2015-10-16 00:03:00+00:00,,,,False,S1A_IW_SLC__1SSV_20151016T000300_20151016T000327_008170_00B7AC_A1BD,Sentinel-1A,C-SAR,IW,VV,DESCENDING,48,8170,503,26.5719,88.4433,2436.8077068328857,https://datapool.asf.alaska.edu/SLC/SA/S1A_IW_SLC__1SSV_20151016T000300_20151016T000327_008170_00B7AC_A1BD.zip,"POLYGON ((89.518944 25.545792, 89.872025 27.172924, 87.344635 27.585419, 87.028831 25.961176, 89.518944 25.545792))",unprocessed_interferograms_vegetation_decorrelation,UNAVAILABLE,REAL_SENTINEL1_INSAR,False
REAL-NER-008,2015-10-20 12:05:09+00:00,,,,False,S1A_IW_SLC__1SSV_20151020T120509_20151020T120538_008236_00B984_D9B7,Sentinel-1A,C-SAR,IW,VV,ASCENDING,114,8236,85,27.6081,89.6298,2579.980598449707,https://datapool.asf.alaska.edu/SLC/SA/S1A_IW_SLC__1SSV_20151020T120509_20151020T120538_008236_00B984_D9B7.zip,"POLYGON ((88.195953 28.270912, 88.576057 26.529108, 91.047066 26.935471, 90.708382 28.674305, 88.195953 28.270912))",unprocessed_interferograms_vegetation_decorrelation,UNAVAILABLE,REAL_SENTINEL1_INSAR,False
REAL-NER-008,2015-10-28 00:02:44+00:00,,,,False,S1A_IW_SLC__1SDV_20151028T000244_20151028T000314_008345_00BC74_F10C,Sentinel-1A,C-SAR,IW,VV+VH,DESCENDING,48,8345,500,27.4373,88.5871,5021.678140640259,https://datapool.asf.alaska.edu/SLC/SA/S1A_IW_SLC__1SDV_20151028T000244_20151028T000314_008345_00BC74_F10C.zip,"POLYGON ((89.633759 26.329679, 90.025635 28.1283, 87.51535 28.532009, 87.165878 26.736485, 89.633759 26.329679))",unprocessed_interferograms_vegetation_decorrelation,UNAVAILABLE,REAL_SENTINEL1_INSAR,False
REAL-NER-008,2015-11-01 12:05:08+00:00,,,,False,S1A_IW_SLC__1SDV_20151101T120508_20151101T120538_008411_00BE23_F751,Sentinel-1A,C-SAR,IW,VV+VH,ASCENDING,114,8411,85,27.582,89.6508,4997.108097076416,https://datapool.asf.alaska.edu/SLC/SA/S1A_IW_SLC__1SDV_20151101T120508_20151101T120538_008411_00BE23_F751.zip,"POLYGON ((88.198486 28.271563, 88.591003 26.472219, 91.085518 26.882462, 90.736168 28.678679, 88.198486 28.271563))",unprocessed_interferograms_vegetation_decorrelation,UNAVAILABLE,REAL_SENTINEL1_INSAR,False
REAL-NER-008,2015-11-13 12:05:04+00:00,,,,False,S1A_IW_SLC__1SSV_20151113T120504_20151113T120532_008586_00C2D9_CE7D,Sentinel-1A,C-SAR,IW,VV,ASCENDING,114,8586,84,27.2741,89.6841,2589.5664529800415,https://datapool.asf.alaska.edu/SLC/SA/S1A_IW_SLC__1SSV_20151113T120504_20151113T120532_008586_00C2D9_CE7D.zip,"POLYGON ((88.250496 27.936018, 88.629982 26.193941, 91.101273 26.602396, 90.76265 28.341476, 88.250496 27.936018))",unprocessed_interferograms_vegetation_decorrelation,UNAVAILABLE,REAL_SENTINEL1_INSAR,False
REAL-NER-008,2015-11-25 12:05:02+00:00,,,,False,S1A_IW_SLC__1SSV_20151125T120502_20151125T120532_008761_00C7B8_E4EE,Sentinel-1A,C-SAR,IW,VV,ASCENDING,114,8761,84,27.247,89.7065,2694.368782043457,https://datapool.asf.alaska.edu/SLC/SA/S1A_IW_SLC__1SSV_20151125T120502_20151125T120532_008761_00C7B8_E4EE.zip,"POLYGON ((88.25473 27.935499, 88.646515 26.136242, 91.141045 26.548546, 90.791824 28.344652, 88.25473 27.935499))",unprocessed_interferograms_vegetation_decorrelation,UNAVAILABLE,REAL_SENTINEL1_INSAR,False
REAL-NER-008,2015-12-07 12:05:03+00:00,,,,False,S1A_IW_SLC__1SSV_20151207T120503_20151207T120532_008936_00CCB5_0A30,Sentinel-1A,C-SAR,IW,VV,ASCENDING,114,8936,84,27.2732,89.684,2552.4996042251587,https://datapool.asf.alaska.edu/SLC/SA/S1A_IW_SLC__1SSV_20151207T120503_20151207T120532_008936_00CCB5_0A30.zip,"POLYGON ((88.250519 27.935083, 88.62999 26.193132, 91.101097 26.601562, 90.762497 28.340517, 88.250519 27.935083))",unprocessed_interferograms_vegetation_decorrelation,UNAVAILABLE,REAL_SENTINEL1_INSAR,False
REAL-NER-008,2015-12-12 12:13:12+00:00,,,,False,S1A_IW_SLC__1SSV_20151212T121312_20151212T121340_009009_00CEAF_3BF1,Sentinel-1A,C-SAR,IW,VV,ASCENDING,12,9009,83,26.9601,87.6878,2470.8219957351685,https://datapool.asf.alaska.edu/SLC/SA/S1A_IW_SLC__1SSV_20151212T121312_20151212T121340_009009_00CEAF_3BF1.zip,"POLYGON ((86.245079 27.589096, 86.611275 25.905779, 89.115158 26.321241, 88.788437 28.001589, 86.245079 27.589096))",unprocessed_interferograms_vegetation_decorrelation,UNAVAILABLE,REAL_SENTINEL1_INSAR,False
REAL-NER-008,2015-12-15 00:02:38+00:00,,,,False,S1A_IW_SLC__1SDV_20151215T000238_20151215T000307_009045_00CFB4_1F67,Sentinel-1A,C-SAR,IW,VV+VH,DESCENDING,48,9045,499,27.7711,88.6471,4854.86651802063,https://datapool.asf.alaska.edu/SLC/SA/S1A_IW_SLC__1SDV_20151215T000238_20151215T000307_009045_00CFB4_1F67.zip,"POLYGON ((89.695023 26.663919, 90.087891 28.462976, 87.573708 28.865314, 87.223915 27.069321, 89.695023 26.663919))",unprocessed_interferograms_vegetation_decorrelation,UNAVAILABLE,REAL_SENTINEL1_INSAR,False
REAL-NER-008,2015-12-19 12:05:01+00:00,,,,False,S1A_IW_SLC__1SSV_20151219T120501_20151219T120531_009111_00D184_6182,Sentinel-1A,C-SAR,IW,VV,ASCENDING,114,9111,84,27.2482,89.705,2649.3867616653442,https://datapool.asf.alaska.edu/SLC/SA/S1A_IW_SLC__1SSV_20151219T120501_20151219T120531_009111_00D184_6182.zip,"POLYGON ((88.253189 27.936609, 88.645027 26.137495, 91.13958 26.549877, 90.790314 28.34584, 88.253189 27.936609))",unprocessed_interferograms_vegetation_decorrelation,UNAVAILABLE,REAL_SENTINEL1_INSAR,False
REAL-NER-008,2015-12-31 12:05:02+00:00,,,,False,S1A_IW_SLC__1SSV_20151231T120502_20151231T120531_009286_00D687_B93A,Sentinel-1A,C-SAR,IW,VV,ASCENDING,114,9286,84,27.273,89.6832,2548.322322845459,https://datapool.asf.alaska.edu/SLC/SA/S1A_IW_SLC__1SSV_20151231T120502_20151231T120531_009286_00D687_B93A.zip,"POLYGON ((88.249626 27.934963, 88.629158 26.192904, 91.10041 26.601402, 90.761749 28.340466, 88.249626 27.934963))",unprocessed_interferograms_vegetation_decorrelation,UNAVAILABLE,REAL_SENTINEL1_INSAR,False
REAL-NER-008,2016-01-05 12:13:11+00:00,,,,False,S1A_IW_SLC__1SSV_20160105T121311_20160105T121339_009359_00D897_273C,Sentinel-1A,C-SAR,IW,VV,ASCENDING,12,9359,83,26.9604,87.6879,2464.556540489197,https://datapool.asf.alaska.edu/SLC/SA/S1A_IW_SLC__1SSV_20160105T121311_20160105T121339_009359_00D897_273C.zip,"POLYGON ((86.24511 27.58939, 86.611336 25.906084, 89.115295 26.321604, 88.788551 28.00194, 86.24511 27.58939))",unprocessed_interferograms_vegetation_decorrelation,UNAVAILABLE,REAL_SENTINEL1_INSAR,False
REAL-NER-008,2016-01-12 12:05:01+00:00,,,,False,S1A_IW_SLC__1SSV_20160112T120501_20160112T120530_009461_00DB81_46EF,Sentinel-1A,C-SAR,IW,VV,ASCENDING,114,9461,84,27.2473,89.7054,2651.3921089172363,https://datapool.asf.alaska.edu/SLC/SA/S1A_IW_SLC__1SSV_20160112T120501_20160112T120530_009461_00DB81_46EF.zip,"POLYGON ((88.253578 27.935522, 88.645287 26.136776, 91.139946 26.549131, 90.790794 28.344727, 88.253578 27.935522))",unprocessed_interferograms_vegetation_decorrelation,UNAVAILABLE,REAL_SENTINEL1_INSAR,False
REAL-NER-008,2016-01-29 12:13:10+00:00,,,,False,S1A_IW_SLC__1SSV_20160129T121310_20160129T121338_009709_00E2C4_615E,Sentinel-1A,C-SAR,IW,VV,ASCENDING,12,9709,83,26.9603,87.6886,2467.864890098572,https://datapool.asf.alaska.edu/SLC/SA/S1A_IW_SLC__1SSV_20160129T121310_20160129T121338_009709_00E2C4_615E.zip,"POLYGON ((86.245834 27.589354, 86.612083 25.90592, 89.116013 26.321432, 88.789246 28.001896, 86.245834 27.589354))",unprocessed_interferograms_vegetation_decorrelation,UNAVAILABLE,REAL_SENTINEL1_INSAR,False
REAL-NER-008,2016-02-01 00:02:36+00:00,,,,False,S1A_IW_SLC__1SDV_20160201T000236_20160201T000306_009745_00E3D7_0847,Sentinel-1A,C-SAR,IW,VV+VH,DESCENDING,48,9745,499,27.7714,88.6479,4870.337710380554,https://datapool.asf.alaska.edu/SLC/SA/S1A_IW_SLC__1SDV_20160201T000236_20160201T000306_009745_00E3D7_0847.zip,"POLYGON ((89.695869 26.664557, 90.088615 28.462997, 87.574547 28.865341, 87.224861 27.069962, 89.695869 26.664557))",unprocessed_interferograms_vegetation_decorrelation,UNAVAILABLE,REAL_SENTINEL1_INSAR,False
REAL-NER-008,2016-02-05 12:05:00+00:00,,,,False,S1A_IW_SLC__1SSV_20160205T120500_20160205T120530_009811_00E5AE_BA4E,Sentinel-1A,C-SAR,IW,VV,ASCENDING,114,9811,84,27.247,89.7055,2655.471287727356,https://datapool.asf.alaska.edu/SLC/SA/S1A_IW_SLC__1SSV_20160205T120500_20160205T120530_009811_00E5AE_BA4E.zip,"POLYGON ((88.253693 27.935364, 88.645416 26.136488, 91.14003 26.54883, 90.790863 28.344553, 88.253693 27.935364))",unprocessed_interferograms_vegetation_decorrelation,UNAVAILABLE,REAL_SENTINEL1_INSAR,False
REAL-NER-008,2016-02-17 12:05:01+00:00,,,,False,S1A_IW_SLC__1SSV_20160217T120501_20160217T120530_009986_00EAD5_DDA6,Sentinel-1A,C-SAR,IW,VV,ASCENDING,114,9986,84,27.2731,89.684,2557.2147483825684,https://datapool.asf.alaska.edu/SLC/SA/S1A_IW_SLC__1SSV_20160217T120501_20160217T120530_009986_00EAD5_DDA6.zip,"POLYGON ((88.250534 27.934935, 88.62999 26.193111, 91.101128 26.601578, 90.762535 28.340406, 88.250534 27.934935))",unprocessed_interferograms_vegetation_decorrelation,UNAVAILABLE,REAL_SENTINEL1_INSAR,False
REAL-NER-008,2016-02-25 00:02:36+00:00,,,,False,S1A_IW_SLC__1SDV_20160225T000236_20160225T000305_010095_00EE10_FF1C,Sentinel-1A,C-SAR,IW,VV+VH,DESCENDING,48,10095,499,27.7715,88.6469,4848.6630754470825,https://datapool.asf.alaska.edu/SLC/SA/S1A_IW_SLC__1SDV_20160225T000236_20160225T000305_010095_00EE10_FF1C.zip,"POLYGON ((89.694717 26.664389, 90.087532 28.463343, 87.573586 28.865623, 87.223846 27.069731, 89.694717 26.664389))",unprocessed_interferograms_vegetation_decorrelation,UNAVAILABLE,REAL_SENTINEL1_INSAR,False
REAL-NER-008,2016-02-29 12:05:17+00:00,,,,False,S1A_IW_SLC__1SSV_20160229T120517_20160229T120546_010161_00EFCF_F311,Sentinel-1A,C-SAR,IW,VV,ASCENDING,114,10161,87,28.2511,89.5361,2569.5837297439575,https://datapool.asf.alaska.edu/SLC/SA/S1A_IW_SLC__1SSV_20160229T120517_20160229T120546_010161_00EFCF_F311.zip,"POLYGON ((88.081841 28.942322, 88.475868 27.143187, 90.972168 27.549601, 90.622543 29.345675, 88.081841 28.942322))",unprocessed_interferograms_vegetation_decorrelation,UNAVAILABLE,REAL_SENTINEL1_INSAR,False
REAL-NER-008,2016-03-12 12:05:01+00:00,,,,False,S1A_IW_SLC__1SSV_20160312T120501_20160312T120530_010336_00F4E4_AC12,Sentinel-1A,C-SAR,IW,VV,ASCENDING,114,10336,84,27.2729,89.6841,2554.5614280700684,https://datapool.asf.alaska.edu/SLC/SA/S1A_IW_SLC__1SSV_20160312T120501_20160312T120530_010336_00F4E4_AC12.zip,"POLYGON ((88.250534 27.934921, 88.630074 26.192595, 91.101189 26.601057, 90.762512 28.340385, 88.250534 27.934921))",unprocessed_interferograms_vegetation_decorrelation,UNAVAILABLE,REAL_SENTINEL1_INSAR,False
REAL-NER-008,2016-03-17 12:13:10+00:00,,,,False,S1A_IW_SLC__1SSV_20160317T121310_20160317T121338_010409_00F6DB_CA82,Sentinel-1A,C-SAR,IW,VV,ASCENDING,12,10409,83,26.9603,87.6877,2462.290985107422,https://datapool.asf.alaska.edu/SLC/SA/S1A_IW_SLC__1SSV_20160317T121310_20160317T121338_010409_00F6DB_CA82.zip,"POLYGON ((86.245041 27.589094, 86.611191 25.906023, 89.115044 26.321543, 88.788353 28.001642, 86.245041 27.589094))",unprocessed_interferograms_vegetation_decorrelation,UNAVAILABLE,REAL_SENTINEL1_INSAR,False
REAL-NER-008,2016-03-20 00:02:36+00:00,,,,False,S1A_IW_SLC__1SDV_20160320T000236_20160320T000306_010445_00F7F3_D854,Sentinel-1A,C-SAR,IW,VV+VH,DESCENDING,48,10445,499,27.772,88.6465,4862.765877723694,https://datapool.asf.alaska.edu/SLC/SA/S1A_IW_SLC__1SDV_20160320T000236_20160320T000306_010445_00F7F3_D854.zip,"POLYGON ((89.694252 26.66497, 90.087029 28.463812, 87.573303 28.866056, 87.223587 27.070278, 89.694252 26.66497))",unprocessed_interferograms_vegetation_decorrelation,UNAVAILABLE,REAL_SENTINEL1_INSAR,False
REAL-NER-008,2016-04-01 00:02:52+00:00,,,,False,S1A_IW_SLC__1SSV_20160401T000252_20160401T000319_010620_00FCF1_C8C8,Sentinel-1A,C-SAR,IW,VV,DESCENDING,48,10620,502,26.9063,88.5068,2405.0504579544067,https://datapool.asf.alaska.edu/SLC/SA/S1A_IW_SLC__1SSV_20160401T000252_20160401T000319_010620_00FCF1_C8C8.zip,"POLYGON ((89.583656 25.880903, 89.937492 27.507906, 87.406593 27.919029, 87.090622 26.294886, 89.583656 25.880903))",unprocessed_interferograms_vegetation_decorrelation,UNAVAILABLE,REAL_SENTINEL1_INSAR,False
REAL-NER-008,2016-04-05 12:05:02+00:00,,,,False,S1A_IW_SLC__1SSV_20160405T120502_20160405T120531_010686_00FEDE_0007,Sentinel-1A,C-SAR,IW,VV,ASCENDING,114,10686,84,27.2725,89.6841,2564.0302772521973,https://datapool.asf.alaska.edu/SLC/SA/S1A_IW_SLC__1SSV_20160405T120502_20160405T120531_010686_00FEDE_0007.zip,"POLYGON ((88.250679 27.934448, 88.630081 26.192482, 91.101151 26.600887, 90.762596 28.339853, 88.250679 27.934448))",unprocessed_interferograms_vegetation_decorrelation,UNAVAILABLE,REAL_SENTINEL1_INSAR,False
REAL-NER-008,2016-04-10 12:13:11+00:00,,,,False,S1A_IW_SLC__1SSV_20160410T121311_20160410T121339_010759_01010D_79E7,Sentinel-1A,C-SAR,IW,VV,ASCENDING,12,10759,83,26.9595,87.6878,2467.005337715149,https://datapool.asf.alaska.edu/SLC/SA/S1A_IW_SLC__1SSV_20160410T121311_20160410T121339_010759_01010D_79E7.zip,"POLYGON ((86.245224 27.588335, 86.61132 25.905371, 89.114967 26.320839, 88.788315 28.000832, 86.245224 27.588335))",unprocessed_interferograms_vegetation_decorrelation,UNAVAILABLE,REAL_SENTINEL1_INSAR,False
REAL-NER-008,2016-04-13 00:02:37+00:00,,,,False,S1A_IW_SLC__1SDV_20160413T000237_20160413T000307_010795_010234_4990,Sentinel-1A,C-SAR,IW,VV+VH,DESCENDING,48,10795,499,27.7722,88.6473,4856.394134521484,https://datapool.asf.alaska.edu/SLC/SA/S1A_IW_SLC__1SDV_20160413T000237_20160413T000307_010795_010234_4990.zip,"POLYGON ((89.695076 26.665068, 90.087929 28.464153, 87.574173 28.866447, 87.224373 27.070429, 89.695076 26.665068))",unprocessed_interferograms_vegetation_decorrelation,UNAVAILABLE,REAL_SENTINEL1_INSAR,False
REAL-NER-008,2016-04-17 12:05:01+00:00,,,,False,S1A_IW_SLC__1SSV_20160417T120501_20160417T120531_010861_01041B_F5F1,Sentinel-1A,C-SAR,IW,VV,ASCENDING,114,10861,84,27.2464,89.7055,2663.858645439148,https://datapool.asf.alaska.edu/SLC/SA/S1A_IW_SLC__1SSV_20160417T120501_20160417T120531_010861_01041B_F5F1.zip,"POLYGON ((88.253891 27.934618, 88.645546 26.135965, 91.139885 26.548286, 90.790771 28.343782, 88.253891 27.934618))",unprocessed_interferograms_vegetation_decorrelation,UNAVAILABLE,REAL_SENTINEL1_INSAR,False
REAL-NER-008,2016-04-25 00:02:53+00:00,,,,False,S1A_IW_SLC__1SSV_20160425T000253_20160425T000320_010970_010788_6508,Sentinel-1A,C-SAR,IW,VV,DESCENDING,48,10970,502,26.9063,88.5067,2397.849132537842,https://datapool.asf.alaska.edu/SLC/SA/S1A_IW_SLC__1SSV_20160425T000253_20160425T000320_010970_010788_6508.zip,"POLYGON ((89.583595 25.881044, 89.937332 27.507795, 87.406326 27.918892, 87.090446 26.294998, 89.583595 25.881044))",unprocessed_interferograms_vegetation_decorrelation,UNAVAILABLE,REAL_SENTINEL1_INSAR,False
REAL-NER-008,2016-04-29 12:05:03+00:00,,,,False,S1A_IW_SLC__1SSV_20160429T120503_20160429T120532_011036_010995_EBD5,Sentinel-1A,C-SAR,IW,VV,ASCENDING,114,11036,84,27.2719,89.6844,2567.2022018432617,https://datapool.asf.alaska.edu/SLC/SA/S1A_IW_SLC__1SSV_20160429T120503_20160429T120532_011036_010995_EBD5.zip,"POLYGON ((88.251015 27.933798, 88.630463 26.19183, 91.101433 26.600271, 90.762833 28.339241, 88.251015 27.933798))",unprocessed_interferograms_vegetation_decorrelation,UNAVAILABLE,REAL_SENTINEL1_INSAR,False
REAL-NER-008,2016-05-04 12:13:12+00:00,,,,False,S1A_IW_SLC__1SSV_20160504T121312_20160504T121340_011109_010BD8_FEF0,Sentinel-1A,C-SAR,IW,VV,ASCENDING,12,11109,83,26.9593,87.6887,2486.9347648620605,https://datapool.asf.alaska.edu/SLC/SA/S1A_IW_SLC__1SSV_20160504T121312_20160504T121340_011109_010BD8_FEF0.zip,"POLYGON ((86.246094 27.588173, 86.612183 25.905085, 89.115913 26.320515, 88.789284 28.000629, 86.246094 27.588173))",unprocessed_interferograms_vegetation_decorrelation,UNAVAILABLE,REAL_SENTINEL1_INSAR,False
REAL-NER-008,2016-05-11 12:05:03+00:00,,,,False,S1A_IW_SLC__1SSV_20160511T120503_20160511T120532_011211_010F19_2418,Sentinel-1A,C-SAR,IW,VV,ASCENDING,114,11211,84,27.2461,89.7052,2672.264356613159,https://datapool.asf.alaska.edu/SLC/SA/S1A_IW_SLC__1SSV_20160511T120503_20160511T120532_011211_010F19_2418.zip,"POLYGON ((88.253555 27.934505, 88.645302 26.135483, 91.139656 26.547831, 90.790451 28.343699, 88.253555 27.934505))",unprocessed_interferograms_vegetation_decorrelation,UNAVAILABLE,REAL_SENTINEL1_INSAR,False
REAL-NER-008,2016-05-19 00:02:54+00:00,,,,False,S1A_IW_SLC__1SSV_20160519T000254_20160519T000321_011320_0112B3_6325,Sentinel-1A,C-SAR,IW,VV,DESCENDING,48,11320,502,26.9062,88.5071,2426.1280193328857,https://datapool.asf.alaska.edu/SLC/SA/S1A_IW_SLC__1SSV_20160519T000254_20160519T000321_011320_0112B3_6325.zip,"POLYGON ((89.583923 25.88089, 89.937683 27.507772, 87.406784 27.918846, 87.090874 26.294821, 89.583923 25.88089))",unprocessed_interferograms_vegetation_decorrelation,UNAVAILABLE,REAL_SENTINEL1_INSAR,False
REAL-NER-008,2016-05-23 12:05:04+00:00,,,,False,S1A_IW_SLC__1SSV_20160523T120504_20160523T120533_011386_0114D5_349C,Sentinel-1A,C-SAR,IW,VV,ASCENDING,114,11386,84,27.2717,89.6851,2576.139560699463,https://datapool.asf.alaska.edu/SLC/SA/S1A_IW_SLC__1SSV_20160523T120504_20160523T120533_011386_0114D5_349C.zip,"POLYGON ((88.251663 27.933641, 88.631065 26.191669, 91.102066 26.600069, 90.763512 28.339041, 88.251663 27.933641))",unprocessed_interferograms_vegetation_decorrelation,UNAVAILABLE,REAL_SENTINEL1_INSAR,False
REAL-NER-008,2016-05-28 12:13:16+00:00,,,,False,S1A_IW_SLC__1SSV_20160528T121316_20160528T121344_011459_01173C_DE02,Sentinel-1A,C-SAR,IW,VV,ASCENDING,12,11459,83,27.1269,87.6589,2495.6638412475586,https://datapool.asf.alaska.edu/SLC/SA/S1A_IW_SLC__1SSV_20160528T121316_20160528T121344_011459_01173C_DE02.zip,"POLYGON ((86.215584 27.756113, 86.582047 26.073107, 89.086754 26.487736, 88.760033 28.167784, 86.215584 27.756113))",unprocessed_interferograms_vegetation_decorrelation,UNAVAILABLE,REAL_SENTINEL1_INSAR,False
REAL-NER-008,2016-05-31 00:02:39+00:00,,,,False,S1A_IW_SLC__1SDV_20160531T000239_20160531T000309_011495_01186C_0339,Sentinel-1A,C-SAR,IW,VV+VH,DESCENDING,48,11495,499,27.7725,88.6467,4890.267698287964,https://datapool.asf.alaska.edu/SLC/SA/S1A_IW_SLC__1SDV_20160531T000239_20160531T000309_011495_01186C_0339.zip,"POLYGON ((89.69445 26.665504, 90.087219 28.464352, 87.573563 28.866589, 87.223846 27.070807, 89.69445 26.665504))",unprocessed_interferograms_vegetation_decorrelation,UNAVAILABLE,REAL_SENTINEL1_INSAR,False
REAL-NER-008,2016-06-04 12:05:04+00:00,,,,False,S1A_IW_SLC__1SSV_20160604T120504_20160604T120534_011561_011A74_9836,Sentinel-1A,C-SAR,IW,VV,ASCENDING,114,11561,84,27.2464,89.7059,2675.381537437439,https://datapool.asf.alaska.edu/SLC/SA/S1A_IW_SLC__1SSV_20160604T120504_20160604T120534_011561_011A74_9836.zip,"POLYGON ((88.254288 27.934795, 88.64595 26.135895, 91.140335 26.54818, 90.791206 28.343925, 88.254288 27.934795))",unprocessed_interferograms_vegetation_decorrelation,UNAVAILABLE,REAL_SENTINEL1_INSAR,False
REAL-NER-008,2016-06-12 00:02:56+00:00,,,,False,S1A_IW_SLC__1SSV_20160612T000256_20160612T000323_011670_011DE5_9046,Sentinel-1A,C-SAR,IW,VV,DESCENDING,48,11670,502,26.9063,88.5068,2434.326894760132,https://datapool.asf.alaska.edu/SLC/SA/S1A_IW_SLC__1SSV_20160612T000256_20160612T000323_011670_011DE5_9046.zip,"POLYGON ((89.583603 25.880991, 89.937393 27.50787, 87.406502 27.918983, 87.090561 26.294962, 89.583603 25.880991))",unprocessed_interferograms_vegetation_decorrelation,UNAVAILABLE,REAL_SENTINEL1_INSAR,False
REAL-NER-008,2016-06-28 12:05:05+00:00,,,,False,S1A_IW_SLC__1SSV_20160628T120505_20160628T120535_011911_012575_8B00,Sentinel-1A,C-SAR,IW,VV,ASCENDING,114,11911,84,27.2473,89.7053,2686.969790458679,https://datapool.asf.alaska.edu/SLC/SA/S1A_IW_SLC__1SSV_20160628T120505_20160628T120535_011911_012575_8B00.zip,"POLYGON ((88.253571 27.935879, 88.645378 26.136608, 91.139702 26.548935, 90.790443 28.345053, 88.253571 27.935879))",unprocessed_interferograms_vegetation_decorrelation,UNAVAILABLE,REAL_SENTINEL1_INSAR,False
REAL-NER-008,2016-07-15 12:13:19+00:00,,,,False,S1A_IW_SLC__1SSV_20160715T121319_20160715T121347_012159_012D8C_8D0A,Sentinel-1A,C-SAR,IW,VV,ASCENDING,12,12159,83,27.1281,87.6594,2506.4563570022583,https://datapool.asf.alaska.edu/SLC/SA/S1A_IW_SLC__1SSV_20160715T121319_20160715T121347_012159_012D8C_8D0A.zip,"POLYGON ((86.216156 27.757387, 86.582619 26.074369, 89.087173 26.488955, 88.76046 28.169014, 86.216156 27.757387))",unprocessed_interferograms_vegetation_decorrelation,UNAVAILABLE,REAL_SENTINEL1_INSAR,False
REAL-NER-008,2016-07-18 00:02:42+00:00,,,,False,S1A_IW_SLC__1SDV_20160718T000242_20160718T000312_012195_012EC8_DF66,Sentinel-1A,C-SAR,IW,VV+VH,DESCENDING,48,12195,499,27.7711,88.647,4872.579226493835,https://datapool.asf.alaska.edu/SLC/SA/S1A_IW_SLC__1SDV_20160718T000242_20160718T000312_012195_012EC8_DF66.zip,"POLYGON ((89.694885 26.664055, 90.087631 28.462896, 87.573715 28.865166, 87.224022 27.069391, 89.694885 26.664055))",unprocessed_interferograms_vegetation_decorrelation,UNAVAILABLE,REAL_SENTINEL1_INSAR,False
REAL-NER-008,2016-07-22 12:05:06+00:00,,,,False,S1A_IW_SLC__1SSV_20160722T120506_20160722T120536_012261_0130D6_1BFD,Sentinel-1A,C-SAR,IW,VV,ASCENDING,114,12261,84,27.2477,89.7064,2694.961601257324,https://datapool.asf.alaska.edu/SLC/SA/S1A_IW_SLC__1SSV_20160722T120506_20160722T120536_012261_0130D6_1BFD.zip,"POLYGON ((88.254745 27.936308, 88.646507 26.137033, 91.140869 26.549313, 90.791656 28.345434, 88.254745 27.936308))",unprocessed_interferograms_vegetation_decorrelation,UNAVAILABLE,REAL_SENTINEL1_INSAR,False
REAL-NER-008,2016-07-30 00:03:01+00:00,,,,False,S1A_IW_SLC__1SSV_20160730T000301_20160730T000328_012370_01347A_3079,Sentinel-1A,C-SAR,IW,VV,DESCENDING,48,12370,503,26.7375,88.4775,2431.7721576690674,https://datapool.asf.alaska.edu/SLC/SA/S1A_IW_SLC__1SSV_20160730T000301_20160730T000328_012370_01347A_3079.zip,"POLYGON ((89.552422 25.712, 89.905884 27.339067, 87.379295 27.750513, 87.063362 26.126312, 89.552422 25.712))",unprocessed_interferograms_vegetation_decorrelation,UNAVAILABLE,REAL_SENTINEL1_INSAR,False
REAL-NER-008,2016-08-03 12:05:08+00:00,,,,False,S1A_IW_SLC__1SSV_20160803T120508_20160803T120537_012436_0136AE_E040,Sentinel-1A,C-SAR,IW,VV,ASCENDING,114,12436,84,27.2733,89.6838,2584.653034210205,https://datapool.asf.alaska.edu/SLC/SA/S1A_IW_SLC__1SSV_20160803T120508_20160803T120537_012436_0136AE_E040.zip,"POLYGON ((88.250275 27.935221, 88.629723 26.193136, 91.100853 26.601559, 90.76226 28.340643, 88.250275 27.935221))",unprocessed_interferograms_vegetation_decorrelation,UNAVAILABLE,REAL_SENTINEL1_INSAR,False
REAL-NER-008,2016-08-08 12:13:20+00:00,,,,False,S1A_IW_SLC__1SSV_20160808T121320_20160808T121348_012509_013919_9C01,Sentinel-1A,C-SAR,IW,VV,ASCENDING,12,12509,83,27.1275,87.6588,2498.257034301758,https://datapool.asf.alaska.edu/SLC/SA/S1A_IW_SLC__1SSV_20160808T121320_20160808T121348_012509_013919_9C01.zip,"POLYGON ((86.215485 27.756771, 86.58197 26.073639, 89.086723 26.488266, 88.759987 28.168442, 86.215485 27.756771))",unprocessed_interferograms_vegetation_decorrelation,UNAVAILABLE,REAL_SENTINEL1_INSAR,False
REAL-NER-008,2016-08-11 00:02:43+00:00,,,,False,S1A_IW_SLC__1SDV_20160811T000243_20160811T000313_012545_013A52_7C5C,Sentinel-1A,C-SAR,IW,VV+VH,DESCENDING,48,12545,499,27.7712,88.6475,4879.597057342529,https://datapool.asf.alaska.edu/SLC/SA/S1A_IW_SLC__1SDV_20160811T000243_20160811T000313_012545_013A52_7C5C.zip,"POLYGON ((89.695251 26.664076, 90.088066 28.463047, 87.574326 28.865326, 87.224571 27.06942, 89.695251 26.664076))",unprocessed_interferograms_vegetation_decorrelation,UNAVAILABLE,REAL_SENTINEL1_INSAR,False
REAL-NER-008,2016-08-15 12:05:08+00:00,,,,False,S1A_IW_SLC__1SSV_20160815T120508_20160815T120538_012611_013C6A_7754,Sentinel-1A,C-SAR,IW,VV,ASCENDING,114,12611,84,27.2473,89.7058,2684.004083633423,https://datapool.asf.alaska.edu/SLC/SA/S1A_IW_SLC__1SSV_20160815T120508_20160815T120538_012611_013C6A_7754.zip,"POLYGON ((88.254082 27.935854, 88.645866 26.13658, 91.140213 26.548883, 90.790985 28.345005, 88.254082 27.935854))",unprocessed_interferograms_vegetation_decorrelation,UNAVAILABLE,REAL_SENTINEL1_INSAR,False
REAL-NER-008,2016-08-23 00:03:00+00:00,,,,False,S1A_IW_SLC__1SSV_20160823T000300_20160823T000327_012720_01401B_702D,Sentinel-1A,C-SAR,IW,VV,DESCENDING,48,12720,502,26.9055,88.5068,2426.536081314087,https://datapool.asf.alaska.edu/SLC/SA/S1A_IW_SLC__1SSV_20160823T000300_20160823T000327_012720_01401B_702D.zip,"POLYGON ((89.583778 25.880125, 89.937569 27.506994, 87.406471 27.918146, 87.090538 26.294134, 89.583778 25.880125))",unprocessed_interferograms_vegetation_decorrelation,UNAVAILABLE,REAL_SENTINEL1_INSAR,False
REAL-NER-008,2016-08-27 12:05:09+00:00,,,,False,S1A_IW_SLC__1SSV_20160827T120509_20160827T120538_012786_014257_DA4A,Sentinel-1A,C-SAR,IW,VV,ASCENDING,114,12786,84,27.2735,89.6842,2575.231756210327,https://datapool.asf.alaska.edu/SLC/SA/S1A_IW_SLC__1SSV_20160827T120509_20160827T120538_012786_014257_DA4A.zip,"POLYGON ((88.25087 27.935373, 88.630302 26.193527, 91.101212 26.601955, 90.762627 28.340803, 88.25087 27.935373))",unprocessed_interferograms_vegetation_decorrelation,UNAVAILABLE,REAL_SENTINEL1_INSAR,False
REAL-NER-008,2016-09-01 12:13:21+00:00,,,,False,S1A_IW_SLC__1SSV_20160901T121321_20160901T121349_012859_0144CD_0F19,Sentinel-1A,C-SAR,IW,VV,ASCENDING,12,12859,83,27.1281,87.6608,2505.5128412246704,https://datapool.asf.alaska.edu/SLC/SA/S1A_IW_SLC__1SSV_20160901T121321_20160901T121349_012859_0144CD_0F19.zip,"POLYGON ((86.217514 27.757387, 86.583939 26.074371, 89.088631 26.488928, 88.761955 28.168985, 86.217514 27.757387))",unprocessed_interferograms_vegetation_decorrelation,UNAVAILABLE,REAL_SENTINEL1_INSAR,False
REAL-NER-008,2016-09-04 00:02:44+00:00,,,,False,S1A_IW_SLC__1SDV_20160904T000244_20160904T000314_012895_014605_455E,Sentinel-1A,C-SAR,IW,VV+VH,DESCENDING,48,12895,499,27.7703,88.6474,4910.344957351685,https://datapool.asf.alaska.edu/SLC/SA/S1A_IW_SLC__1SDV_20160904T000244_20160904T000314_012895_014605_455E.zip,"POLYGON ((89.695282 26.663193, 90.088051 28.462154, 87.57415 28.86442, 87.224434 27.068523, 89.695282 26.663193))",unprocessed_interferograms_vegetation_decorrelation,UNAVAILABLE,REAL_SENTINEL1_INSAR,False
REAL-NER-008,2016-09-08 12:05:09+00:00,,,,False,S1A_IW_SLC__1SSV_20160908T120509_20160908T120539_012961_01480E_935D,Sentinel-1A,C-SAR,IW,VV,ASCENDING,114,12961,84,27.2484,89.7055,2683.372636795044,https://datapool.asf.alaska.edu/SLC/SA/S1A_IW_SLC__1SSV_20160908T120509_20160908T120539_012961_01480E_935D.zip,"POLYGON ((88.253738 27.937101, 88.645607 26.137587, 91.139923 26.549913, 90.790611 28.346273, 88.253738 27.937101))",unprocessed_interferograms_vegetation_decorrelation,UNAVAILABLE,REAL_SENTINEL1_INSAR,False
REAL-NER-008,2016-09-16 00:03:01+00:00,,,,False,S1A_IW_SLC__1SSV_20160916T000301_20160916T000328_013070_014B98_9236,Sentinel-1A,C-SAR,IW,VV,DESCENDING,48,13070,502,26.9048,88.5069,2430.8484106063843,https://datapool.asf.alaska.edu/SLC/SA/S1A_IW_SLC__1SSV_20160916T000301_20160916T000328_013070_014B98_9236.zip,"POLYGON ((89.583931 25.879629, 89.937637 27.506256, 87.406525 27.917374, 87.090668 26.293604, 89.583931 25.879629))",unprocessed_interferograms_vegetation_decorrelation,UNAVAILABLE,REAL_SENTINEL1_INSAR,False
REAL-NER-008,2016-09-20 12:05:10+00:00,,,,False,S1A_IW_SLC__1SSV_20160920T120510_20160920T120539_013136_014DD6_BA36,Sentinel-1A,C-SAR,IW,VV,ASCENDING,114,13136,84,27.2738,89.6841,2590.0119495391846,https://datapool.asf.alaska.edu/SLC/SA/S1A_IW_SLC__1SSV_20160920T120510_20160920T120539_013136_014DD6_BA36.zip,"POLYGON ((88.250717 27.935686, 88.630173 26.19372, 91.101158 26.60215, 90.76255 28.341116, 88.250717 27.935686))",unprocessed_interferograms_vegetation_decorrelation,UNAVAILABLE,REAL_SENTINEL1_INSAR,False
REAL-NER-008,2016-09-25 12:13:22+00:00,,,,False,S1A_IW_SLC__1SSV_20160925T121322_20160925T121350_013209_01503A_5B11,Sentinel-1A,C-SAR,IW,VV,ASCENDING,12,13209,83,27.1289,87.6583,2499.464366912842,https://datapool.asf.alaska.edu/SLC/SA/S1A_IW_SLC__1SSV_20160925T121322_20160925T121350_013209_01503A_5B11.zip,"POLYGON ((86.215027 27.758093, 86.581512 26.075085, 89.086143 26.489683, 88.759407 28.169735, 86.215027 27.758093))",unprocessed_interferograms_vegetation_decorrelation,UNAVAILABLE,REAL_SENTINEL1_INSAR,False
REAL-NER-008,2016-09-28 00:02:43+00:00,,,,False,S1A_IW_SLC__1SDV_20160928T000243_20160928T000312_013245_015164_B9C5,Sentinel-1A,C-SAR,IW,VV+VH,DESCENDING,48,13245,499,27.9381,88.6741,4834.364478111267,https://datapool.asf.alaska.edu/SLC/SA/S1A_IW_SLC__1SDV_20160928T000243_20160928T000312_013245_015164_B9C5.zip,"POLYGON ((89.722122 26.831617, 90.115227 28.630365, 87.600609 29.031672, 87.25087 27.235975, 89.722122 26.831617))",unprocessed_interferograms_vegetation_decorrelation,UNAVAILABLE,REAL_SENTINEL1_INSAR,False
REAL-NER-008,2016-10-02 12:05:09+00:00,,,,False,S1A_IW_SLC__1SSV_20161002T120509_20161002T120539_013311_015371_3990,Sentinel-1A,C-SAR,IW,VV,ASCENDING,114,13311,84,27.2486,89.7058,2684.2604026794434,https://datapool.asf.alaska.edu/SLC/SA/S1A_IW_SLC__1SSV_20161002T120509_20161002T120539_013311_015371_3990.zip,"POLYGON ((88.254028 27.937225, 88.645828 26.137836, 91.140198 26.550106, 90.790962 28.346342, 88.254028 27.937225))",unprocessed_interferograms_vegetation_decorrelation,UNAVAILABLE,REAL_SENTINEL1_INSAR,False
REAL-NER-008,2016-10-10 00:02:43+00:00,,,,False,S1A_IW_SLC__1SDV_20161010T000243_20161010T000312_013420_0156E0_CA1F,Sentinel-1A,C-SAR,IW,VV+VH,DESCENDING,48,13420,499,27.9382,88.6745,4830.706171989441,https://datapool.asf.alaska.edu/SLC/SA/S1A_IW_SLC__1SDV_20161010T000243_20161010T000312_013420_0156E0_CA1F.zip,"POLYGON ((89.722427 26.831701, 90.115578 28.630442, 87.600975 29.03179, 87.25119 27.236097, 89.722427 26.831701))",unprocessed_interferograms_vegetation_decorrelation,UNAVAILABLE,REAL_SENTINEL1_INSAR,False
REAL-NER-008,2016-10-14 12:05:10+00:00,,,,False,S1A_IW_SLC__1SSV_20161014T120510_20161014T120539_013486_0158F9_F99F,Sentinel-1A,C-SAR,IW,VV,ASCENDING,114,13486,84,27.2736,89.6844,2572.4246912002563,https://datapool.asf.alaska.edu/SLC/SA/S1A_IW_SLC__1SSV_20161014T120510_20161014T120539_013486_0158F9_F99F.zip,"POLYGON ((88.250916 27.93527, 88.630287 26.193689, 91.101418 26.602121, 90.762901 28.340708, 88.250916 27.93527))",unprocessed_interferograms_vegetation_decorrelation,UNAVAILABLE,REAL_SENTINEL1_INSAR,False
